timestamp,location-long,location-lat,tag-local-identifier,label
02:11.0,23.523616,-19.3915311,3864.0,39083.0
01:49.0,23.5234968,-19.391683800000003,3864.0,39083.0
01:38.0,23.523462600000002,-19.391650600000002,3864.0,39083.0
02:18.0,23.523425399999997,-19.391644600000003,3864.0,39083.0
01:35.0,23.523434100000003,-19.3915412,3864.0,39083.0
02:16.0,23.5233825,-19.3916537,3864.0,39083.0
00:35.0,23.540005999999998,-19.3925728,3864.0,39083.0
00:47.0,23.560876399999998,-19.416694800000002,3864.0,39083.0
00:41.0,23.567688699999998,-19.4209335,3864.0,39083.0
00:10.0,23.5687453,-19.4205712,3864.0,39083.0
00:25.0,23.567439800000002,-19.414866500000002,3864.0,39083.0
00:26.0,23.5699755,-19.4106784,3864.0,39083.0
00:24.0,23.570757500000003,-19.4112634,3864.0,39083.0
00:07.0,23.5716156,-19.410830100000002,3864.0,39083.0
00:13.0,23.573001899999998,-19.4119931,3864.0,39083.0
00:22.0,23.5748847,-19.4123604,3864.0,39083.0
00:16.0,23.5713367,-19.4181288,3864.0,39083.0
00:42.0,23.569060999999998,-19.417552800000003,3864.0,39083.0
00:29.0,23.5628142,-19.415820800000002,3864.0,39083.0
00:50.0,23.563176100000003,-19.4135824,3864.0,39083.0
01:41.0,23.5794413,-19.4079902,3864.0,39083.0
00:36.0,23.594882000000002,-19.4146942,3864.0,39083.0
00:49.0,23.604029399999998,-19.4212055,3864.0,39083.0
00:17.0,23.6027895,-19.4232073,3864.0,39083.0
00:21.0,23.60264,-19.426674,3864.0,39083.0
00:48.0,23.6020647,-19.428054,3864.0,39083.0
00:06.0,23.6027827,-19.428257199999997,3864.0,39083.0
00:15.0,23.6001245,-19.428364000000002,3864.0,39083.0
00:19.0,23.6000922,-19.428745899999996,3864.0,39083.0
00:23.0,23.574651199999998,-19.4140176,3864.0,39083.0
00:27.0,23.5743361,-19.4139554,3864.0,39083.0
00:53.0,23.553740899999998,-19.4052978,3864.0,39083.0
00:18.0,23.5266451,-19.397415300000002,3864.0,39083.0
00:43.0,23.5614392,-19.4123149,3864.0,39083.0
00:31.0,23.562948100000003,-19.4107909,3864.0,39083.0
00:14.0,23.5646057,-19.4134971,3864.0,39083.0
00:33.0,23.666114399999998,-19.448786300000002,3864.0,39083.0
01:12.0,23.703285,-19.4553413,3864.0,39083.0
00:40.0,23.8388344,-19.5524674,3864.0,39083.0
00:20.0,23.837640399999998,-19.5563405,3864.0,39083.0
00:11.0,23.836984,-19.5572568,3864.0,39083.0
00:12.0,23.9387729,-19.665385600000004,3864.0,39083.0
00:09.0,23.9890919,-19.694683800000004,3864.0,39083.0
00:52.0,24.049636,-19.7353738,3864.0,39084.0
00:34.0,24.049104,-19.7365622,3864.0,39084.0
01:17.0,24.0603609,-19.7456311,3864.0,39084.0
00:32.0,24.0613406,-19.747981600000003,3864.0,39084.0
01:18.0,24.0686301,-19.7862697,3864.0,39084.0
00:37.0,24.0691456,-19.786313600000003,3864.0,39084.0
15:09.0,24.1962804,-19.7876848,3864.0,39084.0
30:13.0,24.196264399999997,-19.797960500000002,3864.0,39084.0
45:11.0,24.198057199999997,-19.813270499999998,3864.0,39084.0
15:10.0,24.2018383,-19.8332202,3864.0,39084.0
30:18.0,24.2044258,-19.8402911,3864.0,39084.0
45:17.0,24.209639499999998,-19.845670600000002,3864.0,39084.0
15:21.0,24.2156401,-19.8610781,3864.0,39084.0
30:46.0,24.213960600000004,-19.8684576,3864.0,39084.0
45:21.0,24.212463,-19.8754267,3864.0,39084.0
30:14.0,24.2198447,-19.897615899999998,3864.0,39084.0
45:15.0,24.221465300000002,-19.904556200000002,3864.0,39084.0
15:42.0,24.2240607,-19.9197576,3864.0,39084.0
45:51.0,24.2293883,-19.9332268,3864.0,39084.0
15:22.0,24.232646799999998,-19.9441571,3864.0,39084.0
30:20.0,24.235982999999997,-19.950976,3864.0,39084.0
15:48.0,24.2455918,-19.9703353,3864.0,39084.0
45:14.0,24.2506085,-19.9842468,3864.0,39084.0
15:41.0,24.2589679,-19.998634399999997,3864.0,39084.0
31:07.0,24.2587594,-20.0047522,3864.0,39444.0
45:23.0,24.2586961,-20.0058763,3864.0,39444.0
15:23.0,24.258020499999997,-20.006241199999998,3864.0,39444.0
30:31.0,24.254963699999998,-20.0100576,3864.0,39444.0
45:39.0,24.255077399999998,-20.0101734,3864.0,39444.0
15:24.0,24.255833600000003,-20.0088207,3864.0,39444.0
30:26.0,24.255783899999997,-20.008867000000002,3864.0,39444.0
45:30.0,24.2551775,-20.011553699999997,3864.0,39444.0
15:47.0,24.260620499999998,-20.0184299,3864.0,39444.0
30:17.0,24.2615923,-20.0192384,3864.0,39444.0
45:33.0,24.262818600000003,-20.0201913,3864.0,39444.0
15:08.0,24.265466399999998,-20.025663,3864.0,39444.0
45:12.0,24.271063,-20.0376688,3864.0,39444.0
00:08.0,24.273932100000003,-20.0438175,3864.0,39444.0
15:28.0,24.274782300000002,-20.0470484,3864.0,39444.0
30:53.0,24.2773482,-20.0516206,3864.0,39444.0
45:10.0,24.2790718,-20.0531033,3864.0,39444.0
45:08.0,24.2813112,-20.053945600000002,3864.0,39444.0
00:44.0,24.301011,-20.069148300000002,3864.0,39444.0
15:06.0,24.304901100000002,-20.0722811,3864.0,39444.0
45:09.0,24.3378151,-20.0998302,3864.0,39444.0
15:13.0,24.349003399999997,-20.107249,3864.0,39444.0
30:15.0,24.3530838,-20.1116684,3864.0,39444.0
15:12.0,24.3732706,-20.1222658,3864.0,39444.0
30:24.0,24.3798031,-20.126047500000002,3864.0,39444.0
15:25.0,24.393357199999997,-20.1325655,3864.0,39444.0
30:38.0,24.3960305,-20.135469600000004,3864.0,39444.0
30:07.0,24.4169911,-20.1450786,3864.0,39444.0
15:16.0,24.426911999999998,-20.1536296,3864.0,39444.0
15:11.0,24.4472003,-20.170784100000002,3864.0,39444.0
30:21.0,24.448603100000003,-20.173101899999995,3864.0,39444.0
45:20.0,24.4495737,-20.1748687,3864.0,39444.0
15:36.0,24.451624,-20.1766807,3864.0,39444.0
30:23.0,24.451632,-20.176711800000003,3864.0,39444.0
45:13.0,24.4555878,-20.1781082,3864.0,39444.0
00:04.0,24.459527100000003,-20.179369199999996,3864.0,39444.0
30:06.0,24.4812935,-20.197241899999998,3864.0,39444.0
30:19.0,24.4954722,-20.217621100000002,3864.0,39444.0
45:19.0,24.498127899999997,-20.2221102,3864.0,39444.0
45:28.0,24.5111827,-20.235447,3864.0,39444.0
30:16.0,24.5220498,-20.247168600000002,3864.0,39444.0
45:18.0,24.5240176,-20.249767600000002,3864.0,39444.0
30:47.0,24.5243127,-20.2508206,3864.0,39444.0
45:07.0,24.5242961,-20.2508501,3864.0,39444.0
15:29.0,24.5242913,-20.2508289,3864.0,39444.0
45:22.0,24.5243,-20.2508106,3864.0,39444.0
15:14.0,24.5240175,-20.25079,3864.0,39444.0
30:37.0,24.5240443,-20.2507706,3864.0,39444.0
00:56.0,24.524350600000002,-20.2504655,3864.0,39444.0
30:28.0,24.5244125,-20.2505465,3864.0,39444.0
30:08.0,24.5272355,-20.252855,3864.0,39444.0
15:18.0,24.5311569,-20.2517105,3864.0,39444.0
00:54.0,24.534805300000002,-20.2512695,3864.0,39444.0
15:07.0,24.5354601,-20.2508355,3864.0,39444.0
15:20.0,24.5357185,-20.2493739,3864.0,39444.0
15:17.0,24.535684200000002,-20.2492326,3864.0,39444.0
45:41.0,24.5356818,-20.2492074,3864.0,39444.0
15:26.0,24.533921300000003,-20.245280899999997,3864.0,39444.0
45:27.0,24.5334523,-20.2450581,3864.0,39444.0
15:15.0,24.533219199999998,-20.2444797,3864.0,39444.0
30:10.0,24.5314389,-20.2431005,3864.0,39444.0
30:35.0,24.5315388,-20.239327300000003,3864.0,39444.0
45:53.0,24.5293683,-20.2382043,3864.0,39444.0
30:09.0,24.5269845,-20.2354995,3864.0,39444.0
15:35.0,24.5270736,-20.235611300000002,3864.0,39444.0
45:26.0,24.5269777,-20.2355878,3864.0,39444.0
30:22.0,24.5269864,-20.2355949,3864.0,39444.0
15:27.0,24.5269864,-20.2356204,3864.0,39444.0
30:42.0,24.5269801,-20.2356385,3864.0,39444.0
15:31.0,24.5270728,-20.2357792,3864.0,39444.0
30:41.0,24.527098199999998,-20.2357654,3864.0,39444.0
45:24.0,24.527282500000002,-20.2353852,3864.0,39444.0
15:19.0,24.5172001,-20.229089399999996,3864.0,39444.0
45:42.0,24.515230499999998,-20.229032699999998,3864.0,39444.0
30:29.0,24.510635600000004,-20.2265975,3864.0,39444.0
30:12.0,24.4712225,-20.209909600000003,3864.0,39444.0
45:16.0,24.467329100000004,-20.208762399999998,3864.0,39444.0
45:47.0,24.4344645,-20.194926100000004,3864.0,39444.0
45:25.0,24.4303293,-20.194858800000002,3864.0,39444.0
30:27.0,24.429872600000003,-20.194428600000002,3864.0,39444.0
45:29.0,24.4298433,-20.1944142,3864.0,39444.0
30:39.0,24.4297467,-20.1941857,3864.0,39444.0
15:34.0,24.4275672,-20.193297100000002,3864.0,39444.0
30:33.0,24.4275458,-20.1932884,3864.0,39444.0
45:48.0,24.289018300000002,-20.1550924,3864.0,39444.0
00:30.0,24.2157457,-20.082241600000003,3864.0,39444.0
16:11.0,24.2121561,-20.0750839,3864.0,39444.0
30:11.0,24.2087973,-20.0691348,3864.0,39444.0
15:53.0,24.1983307,-20.0473478,3864.0,39444.0
45:06.0,24.1977244,-20.002547500000002,3864.0,39444.0
30:48.0,24.217319399999997,-20.012895699999998,3864.0,39444.0
00:55.0,24.2169358,-19.938690700000002,3864.0,39084.0
00:28.0,24.225336499999997,-19.9476022,3864.0,39084.0
00:39.0,24.2850228,-20.0198782,3864.0,39444.0
00:38.0,24.4577616,-20.177505399999998,3864.0,39444.0
01:23.0,24.3903642,-20.0976122,3864.0,39444.0
00:05.0,24.225700699999997,-20.011319699999998,3864.0,39444.0
00:45.0,24.247225699999998,-20.006689399999996,3864.0,39444.0
01:11.0,24.2525098,-19.988965399999998,3864.0,39084.0
02:02.0,24.2436432,-19.9802363,3864.0,39084.0
01:36.0,24.243231,-19.978467000000002,3864.0,39084.0
02:01.0,24.200742,-19.9313828,3864.0,39084.0
01:08.0,24.2391939,-19.978693,3864.0,39084.0
01:25.0,24.239677399999998,-19.978579999999997,3864.0,39084.0
13:53.0,24.096079100000004,-19.76977,3864.0,39084.0
00:57.0,24.0718332,-19.756667800000002,3864.0,39084.0
01:02.0,24.2563137,-19.803326600000002,3864.0,39084.0
00:46.0,24.3323556,-19.8662539,3864.0,39084.0
00:59.0,24.4676422,-20.0166375,3864.0,39444.0
30:34.0,24.9404173,-20.4463878,3864.0,39444.0
45:36.0,24.9460976,-20.4414362,3864.0,39444.0
15:54.0,24.9526693,-20.438409600000004,3864.0,39444.0
45:34.0,24.9557785,-20.439145,3864.0,39444.0
30:05.0,24.9705685,-20.4404589,3864.0,39444.0
15:30.0,24.974529399999998,-20.508157500000003,3864.0,39444.0
45:44.0,24.9805615,-20.5827169,3864.0,39444.0
15:49.0,24.9806304,-20.5828335,3864.0,39444.0
01:10.0,24.9764724,-20.5780562,3864.0,39444.0
45:37.0,24.9155204,-20.5950096,3864.0,39444.0
15:32.0,24.8575986,-20.6078472,3864.0,39444.0
30:25.0,24.824339399999996,-20.6641486,3864.0,39444.0
45:46.0,24.915313100000002,-20.5626574,3864.0,39444.0
45:32.0,24.914270499999997,-20.5598364,3864.0,39444.0
30:45.0,24.932429,-20.575153699999998,3864.0,39444.0
01:20.0,24.935602300000003,-20.573383899999996,3864.0,39444.0
,,,,39444.0
03:09.0,25.0525612,-20.5140801,3864.0,39445.0
01:19.0,25.0341397,-20.6291627,3864.0,39445.0
00:03.0,24.9206617,-20.643658600000002,3864.0,39444.0
01:33.0,24.917623100000004,-20.6100013,3864.0,39444.0
01:24.0,24.9778375,-20.602707000000002,3864.0,39444.0
30:40.0,24.94659,-20.5828008,3864.0,39444.0
15:39.0,24.9386678,-20.5823732,3864.0,39444.0
45:40.0,24.9708745,-20.568972100000003,3864.0,39444.0
15:40.0,24.980127399999997,-20.5641747,3864.0,39444.0
15:33.0,24.9963715,-20.591483899999997,3864.0,39444.0
00:24.0,23.6829521,-19.450994,3743.0,39083.0
00:21.0,23.6852583,-19.450893399999998,3743.0,39083.0
00:41.0,23.701406600000002,-19.4528625,3743.0,39083.0
00:43.0,23.7136921,-19.4568523,3743.0,39083.0
01:26.0,23.7351042,-19.4648906,3743.0,39083.0
00:54.0,23.7366298,-19.466397,3743.0,39083.0
00:17.0,23.736678899999998,-19.4664184,3743.0,39083.0
00:11.0,23.738774,-19.4674978,3743.0,39083.0
00:28.0,23.7395033,-19.467959699999998,3743.0,39083.0
00:53.0,23.7400402,-19.468433899999997,3743.0,39083.0
00:19.0,23.7400211,-19.468462699999996,3743.0,39083.0
00:22.0,23.7404708,-19.468313300000002,3743.0,39083.0
00:42.0,23.740417100000002,-19.4686465,3743.0,39083.0
00:48.0,23.7402421,-19.4687755,3743.0,39083.0
00:12.0,23.7403652,-19.4687518,3743.0,39083.0
00:25.0,23.7415558,-19.4694784,3743.0,39083.0
00:23.0,23.7416747,-19.4695241,3743.0,39083.0
00:32.0,23.741726999999997,-19.4695339,3743.0,39083.0
00:07.0,23.743730600000003,-19.4730194,3743.0,39083.0
00:31.0,23.743789899999996,-19.4743258,3743.0,39083.0
00:38.0,23.7421215,-19.474125,3743.0,39083.0
00:26.0,23.7404228,-19.4737162,3743.0,39083.0
01:08.0,23.7374266,-19.4700358,3743.0,39083.0
00:16.0,23.715588399999998,-19.456815300000002,3743.0,39083.0
00:05.0,23.7014506,-19.4528949,3743.0,39083.0
00:50.0,23.6581015,-19.4471149,3743.0,39083.0
00:08.0,23.597746899999997,-19.4239866,3743.0,39083.0
00:46.0,23.577208499999998,-19.4197419,3743.0,39083.0
00:49.0,23.570339699999998,-19.4149543,3743.0,39083.0
00:20.0,23.565076,-19.4099949,3743.0,39083.0
00:13.0,23.5285767,-19.399735500000002,3743.0,39083.0
01:18.0,23.542466100000002,-19.405291899999998,3743.0,39083.0
00:27.0,23.5540893,-19.408482199999998,3743.0,39083.0
00:18.0,23.5876074,-19.4130246,3743.0,39083.0
00:14.0,23.639775600000004,-19.4316952,3743.0,39083.0
00:09.0,23.685009,-19.4472509,3743.0,39083.0
00:40.0,23.699757100000003,-19.4501003,3743.0,39083.0
00:45.0,23.7167698,-19.4624195,3743.0,39083.0
00:44.0,23.731705899999998,-19.468173999999998,3743.0,39083.0
00:47.0,23.742673100000005,-19.4729581,3743.0,39083.0
01:04.0,23.7513621,-19.4810413,3743.0,39083.0
00:36.0,23.753431600000003,-19.4823982,3743.0,39083.0
00:52.0,23.7559098,-19.4841532,3743.0,39083.0
00:29.0,23.7855174,-19.5282986,3743.0,39083.0
00:35.0,23.782058600000003,-19.536376500000003,3743.0,39083.0
15:32.0,23.782268,-19.536855399999997,3743.0,39083.0
30:17.0,23.7822914,-19.5368252,3743.0,39083.0
45:14.0,23.7822914,-19.5368082,3743.0,39083.0
15:42.0,23.7822496,-19.536839,3743.0,39083.0
30:33.0,23.782258300000002,-19.5368378,3743.0,39083.0
45:13.0,23.7822736,-19.5368574,3743.0,39083.0
00:10.0,23.782241600000003,-19.5371867,3743.0,39083.0
15:13.0,23.7821175,-19.537566199999997,3743.0,39083.0
30:11.0,23.7822462,-19.5374849,3743.0,39083.0
15:20.0,23.7823163,-19.5377236,3743.0,39083.0
30:32.0,23.782557100000002,-19.5379693,3743.0,39083.0
45:41.0,23.7829139,-19.5380044,3743.0,39083.0
01:12.0,23.7881104,-19.540228600000003,3743.0,39083.0
15:47.0,23.7952327,-19.543637699999998,3743.0,39083.0
30:19.0,23.8013432,-19.549823899999996,3743.0,39083.0
45:29.0,23.8079437,-19.5560173,3743.0,39083.0
00:34.0,23.8116677,-19.5617469,3743.0,39083.0
30:26.0,23.8147894,-19.566329800000002,3743.0,39083.0
15:26.0,23.818279399999998,-19.5726685,3743.0,39083.0
30:24.0,23.819608499999998,-19.576694399999997,3743.0,39083.0
45:24.0,23.8206942,-19.579116199999998,3743.0,39083.0
15:22.0,23.825131,-19.5835298,3743.0,39083.0
45:42.0,23.832901899999996,-19.5919723,3743.0,39083.0
15:15.0,23.83566,-19.5939534,3743.0,39083.0
30:16.0,23.837431600000002,-19.595488500000002,3743.0,39083.0
45:25.0,23.8394015,-19.5970303,3743.0,39083.0
15:36.0,23.8445944,-19.6019803,3743.0,39083.0
30:42.0,23.8459812,-19.604359,3743.0,39083.0
15:18.0,23.8563029,-19.6045583,3743.0,39083.0
30:21.0,23.8644869,-19.6044754,3743.0,39083.0
00:15.0,23.8799923,-19.613070699999998,3743.0,39083.0
15:28.0,23.8860253,-19.619269,3743.0,39083.0
30:27.0,23.8923868,-19.6257557,3743.0,39083.0
30:09.0,23.9137484,-19.644277399999996,3743.0,39083.0
45:12.0,23.916614199999998,-19.6486546,3743.0,39083.0
30:13.0,23.941145600000002,-19.6728289,3743.0,39083.0
45:20.0,23.9424126,-19.6748751,3743.0,39083.0
15:11.0,23.9529745,-19.684109799999998,3743.0,39083.0
45:21.0,23.963098000000002,-19.6901389,3743.0,39083.0
15:41.0,23.9754183,-19.696232100000003,3743.0,39083.0
15:16.0,23.9901767,-19.7025492,3743.0,39083.0
45:15.0,23.9964704,-19.709891199999998,3743.0,39084.0
15:37.0,24.0054785,-19.7153507,3743.0,39084.0
15:40.0,24.0064337,-19.716735999999997,3743.0,39084.0
30:08.0,24.006434699999996,-19.7166997,3743.0,39084.0
45:31.0,24.0065655,-19.7170642,3743.0,39084.0
15:23.0,24.011218200000002,-19.7187525,3743.0,39084.0
15:14.0,24.0267906,-19.7223582,3743.0,39084.0
30:22.0,24.038327,-19.7358203,3743.0,39084.0
45:18.0,24.038435600000003,-19.7360978,3743.0,39084.0
15:38.0,24.0389539,-19.736304399999998,3743.0,39084.0
45:11.0,24.0389568,-19.736501,3743.0,39084.0
30:47.0,24.0419932,-19.738675699999998,3743.0,39084.0
15:21.0,24.0578307,-19.7420566,3743.0,39084.0
45:16.0,24.0603603,-19.7432201,3743.0,39084.0
00:33.0,24.062562,-19.7450779,3743.0,39084.0
30:23.0,24.073269600000003,-19.7537749,3743.0,39084.0
15:35.0,24.0830266,-19.7629725,3743.0,39084.0
30:41.0,24.087828299999998,-19.765362,3743.0,39084.0
45:30.0,24.0930468,-19.769325,3743.0,39084.0
30:48.0,24.1059633,-19.788439,3743.0,39084.0
46:13.0,24.1111086,-19.7893612,3743.0,39084.0
15:12.0,24.1161012,-19.7852875,3743.0,39084.0
30:12.0,24.116850600000003,-19.7850109,3743.0,39084.0
30:10.0,24.1269685,-19.7875872,3743.0,39084.0
15:29.0,24.1264632,-19.787757100000004,3743.0,39084.0
30:38.0,24.1264611,-19.787791600000002,3743.0,39084.0
45:28.0,24.1264611,-19.787800100000002,3743.0,39084.0
30:15.0,24.1264392,-19.7878283,3743.0,39084.0
30:18.0,24.128216600000002,-19.788283899999996,3743.0,39084.0
45:23.0,24.1556017,-19.785548199999997,3743.0,39084.0
30:07.0,24.165790700000002,-19.7848574,3743.0,39084.0
45:22.0,24.196839699999998,-19.7820526,3743.0,39084.0
15:25.0,24.2278276,-19.8022639,3743.0,39084.0
00:39.0,24.2422401,-19.7929187,3743.0,39084.0
45:10.0,24.247749399999996,-19.7925959,3743.0,39084.0
45:17.0,24.256815200000002,-19.7947809,3743.0,39084.0
30:35.0,24.2890089,-19.8071108,3743.0,39084.0
45:37.0,24.2930714,-19.8088244,3743.0,39084.0
30:30.0,24.313792499999998,-19.818217399999998,3743.0,39084.0
00:30.0,24.322907999999998,-19.821188,3743.0,39084.0
30:53.0,24.3233418,-19.821194199999997,3743.0,39084.0
45:33.0,24.3244657,-19.8202353,3743.0,39084.0
30:31.0,24.329020800000002,-19.8222155,3743.0,39084.0
45:49.0,24.3313654,-19.827574600000002,3743.0,39084.0
15:24.0,24.3310467,-19.829233600000002,3743.0,39084.0
30:29.0,24.331064899999998,-19.8292412,3743.0,39084.0
45:47.0,24.3311336,-19.8292379,3743.0,39084.0
30:44.0,24.3315361,-19.829513000000002,3743.0,39084.0
15:54.0,24.3313191,-19.8290967,3743.0,39084.0
45:40.0,24.3313974,-19.829076800000003,3743.0,39084.0
15:50.0,24.331381699999998,-19.829091100000003,3743.0,39084.0
45:48.0,24.3263772,-19.8265013,3743.0,39084.0
30:28.0,24.2927886,-19.8171407,3743.0,39084.0
46:25.0,24.2895307,-19.816212300000004,3743.0,39084.0
15:17.0,24.2449771,-19.8085242,3743.0,39084.0
30:14.0,24.2371445,-19.809264000000002,3743.0,39084.0
15:19.0,24.2122569,-19.8238595,3743.0,39084.0
15:39.0,24.214447500000002,-19.8711052,3743.0,39084.0
30:25.0,24.2157407,-19.877264999999998,3743.0,39084.0
45:53.0,24.2180147,-19.893407699999997,3743.0,39084.0
15:08.0,24.2185628,-19.8933818,3743.0,39084.0
45:19.0,24.215189300000002,-19.898729,3743.0,39084.0
16:05.0,24.2107113,-19.9045543,3743.0,39084.0
45:35.0,24.2107487,-19.908589199999998,3743.0,39084.0
16:10.0,24.2097987,-19.912405,3743.0,39084.0
15:48.0,24.1997375,-19.9278312,3743.0,39084.0
15:46.0,24.197225800000002,-19.923955300000003,3743.0,39084.0
45:34.0,24.196744100000004,-19.935848,3743.0,39084.0
15:07.0,24.2039523,-19.9570959,3743.0,39084.0
45:08.0,24.2110318,-19.994334100000003,3743.0,39444.0
01:45.0,24.2329758,-20.1073393,3743.0,39444.0
45:26.0,24.248031,-20.1233114,3743.0,39444.0
30:39.0,24.2563845,-20.173668499999998,3743.0,39444.0
15:44.0,24.259367,-20.1748355,3743.0,39444.0
30:34.0,24.2593914,-20.174871,3743.0,39444.0
45:09.0,24.2558486,-20.1662156,3743.0,39444.0
15:30.0,24.246449899999998,-20.1546306,3743.0,39444.0
45:06.0,24.2459009,-20.1544272,3743.0,39444.0
45:03.0,24.242663,-20.1501948,3743.0,39444.0
45:43.0,24.2504902,-20.1583214,3743.0,39444.0
15:06.0,24.2504675,-20.1580431,3743.0,39444.0
15:10.0,24.2475675,-20.154329999999998,3743.0,39444.0
15:27.0,24.242040799999998,-20.1501905,3743.0,39444.0
01:11.0,24.199091199999998,-20.092149499999998,3743.0,39444.0
00:55.0,24.1982437,-20.0278052,3743.0,39444.0
01:09.0,24.775714899999997,-20.2995428,3743.0,39444.0
01:32.0,24.195825600000003,-19.8081268,3743.0,39084.0
00:56.0,24.1210798,-19.7348464,3743.0,39084.0
01:17.0,24.0769525,-19.7215119,3743.0,39084.0
00:37.0,24.0376098,-19.718021399999998,3743.0,39083.0
01:23.0,23.800058399999998,-19.5305293,3743.0,39083.0
00:06.0,23.5281383,-19.3868546,3743.0,39083.0
00:51.0,23.538509299999998,-19.4022987,3743.0,39083.0
01:57.0,23.9402409,-19.7050859,3743.0,39083.0
02:54.0,24.7774031,-20.4359264,3743.0,39444.0
01:16.0,25.015438600000003,-20.4093221,3743.0,39445.0
01:10.0,25.0762143,-20.4864504,3743.0,39445.0
45:32.0,25.0844812,-20.512412100000002,3743.0,39445.0
15:31.0,25.0846255,-20.512431699999997,3743.0,39445.0
15:09.0,25.0258405,-20.5382899,3743.0,39445.0
45:44.0,25.0271948,-20.549614300000002,3743.0,39445.0
30:20.0,25.039247399999997,-20.562919600000004,3743.0,39445.0
45:27.0,25.005505,-20.556269399999998,3743.0,39444.0
30:06.0,24.9851096,-20.540958,3743.0,39444.0
15:33.0,24.9815508,-20.5388155,3743.0,39444.0
30:36.0,24.9805221,-20.538729999999997,3743.0,39444.0
45:39.0,24.982214600000002,-20.620701399999998,3743.0,39444.0
15:03.0,24.9877015,-20.6237156,3743.0,39444.0
15:34.0,24.9852639,-20.6185144,3743.0,39444.0
01:24.0,25.021777399999998,-20.540946899999998,3743.0,39445.0
00:57.0,24.9035018,-20.6009535,3743.0,39444.0
00:03.0,24.938647699999997,-20.6150121,3743.0,39444.0
00:04.0,25.006694,-20.5599009,3743.0,39445.0
30:37.0,25.0235745,-20.589294600000002,3743.0,39445.0
45:07.0,25.0350424,-20.5687798,3743.0,39445.0
30:49.0,25.030095899999996,-20.5784482,3743.0,39445.0
45:38.0,25.0795236,-20.5238415,3743.0,39445.0
30:05.0,25.077049,-20.484478600000003,3743.0,39445.0
30:43.0,25.0765433,-20.4852952,3743.0,39445.0
45:50.0,25.072287,-20.4769411,3743.0,39445.0
30:03.0,25.0647393,-20.4897695,3743.0,39445.0
30:01.0,25.065198499999997,-20.489663500000002,3743.0,39445.0
02:29.0,25.075551100000002,-20.6145111,3743.0,39445.0
15:43.0,25.021028899999997,-20.5567617,3743.0,39445.0
30:40.0,24.991429800000002,-20.380741,3743.0,39444.0
15:05.0,25.0208829,-20.374718100000003,3743.0,39445.0
45:05.0,24.9610335,-20.404544,3743.0,39444.0
45:04.0,24.963102399999997,-20.3943833,3743.0,39444.0
01:13.0,25.1170887,-20.4410552,3743.0,39445.0
02:48.0,25.2008042,-20.524452899999996,3743.0,39445.0
00:59.0,25.25711,-20.5463975,3743.0,39445.0
16:18.0,25.2912677,-20.538239899999997,3743.0,39445.0
15:04.0,25.3143602,-20.4966866,3743.0,39445.0
02:39.0,25.1765358,-20.504796300000002,3743.0,39445.0
15:49.0,25.2571224,-20.5043285,3743.0,39445.0
45:36.0,25.3083788,-20.459004500000002,3743.0,39445.0
02:00.0,25.3142688,-20.453622199999998,3743.0,39445.0
01:21.0,25.2134973,-20.4439434,3743.0,39445.0
01:07.0,25.230511899999996,-20.5047687,3743.0,39445.0
46:12.0,25.2188801,-20.4783688,3743.0,39445.0
15:45.0,25.2678962,-20.474389600000002,3743.0,39445.0
01:03.0,25.2382736,-20.4472385,3743.0,39445.0
01:49.0,25.313041100000003,-20.3787625,3743.0,39445.0
02:17.0,23.902381100000003,-19.6586807,3743.0,39083.0
01:25.0,23.6534099,-19.519572399999998,3743.0,39083.0
01:00.0,23.5996581,-19.510719100000003,3743.0,39083.0
01:46.0,23.5367642,-19.4222806,3743.0,39083.0
45:45.0,23.5268793,-19.4212111,3743.0,39083.0
01:05.0,23.5621782,-19.492083800000003,3743.0,39083.0
15:51.0,23.5920318,-19.49983,3743.0,39083.0
30:46.0,23.591457300000002,-19.4885788,3743.0,39083.0
03:00.0,23.554424100000002,-19.499459899999998,3743.0,39083.0
01:22.0,23.5259412,-19.4206932,3743.0,39083.0
01:52.0,23.527262300000004,-19.4214546,3743.0,39083.0
01:41.0,23.525481699999997,-19.421513100000002,3743.0,39083.0
02:41.0,23.5289394,-19.419930100000002,3743.0,39083.0
01:02.0,23.5293563,-19.4180545,3743.0,39083.0
01:28.0,23.512136399999996,-19.4284297,3743.0,39083.0
00:58.0,23.5288481,-19.4201111,3743.0,39083.0
02:11.0,23.519609699999997,-19.418796399999998,3743.0,39083.0
01:06.0,23.5180867,-19.417815,3743.0,39083.0
01:20.0,23.5213788,-19.4142288,3743.0,39083.0
15:53.0,23.5130826,-19.4132825,3743.0,39083.0
31:18.0,23.531200100000003,-19.4217451,3743.0,39083.0
46:20.0,23.5313066,-19.4215837,3743.0,39083.0
01:31.0,23.507683899999996,-19.4140977,3743.0,39083.0
46:11.0,23.5144663,-19.4147561,3743.0,39083.0
30:55.0,23.513575699999997,-19.4135293,3743.0,39083.0
45:54.0,23.5132185,-19.413320199999998,3743.0,39083.0
01:39.0,23.513998100000002,-19.4136548,3743.0,39083.0
16:17.0,23.5143261,-19.413197600000004,3743.0,39083.0
31:14.0,23.5234672,-19.411748199999998,3743.0,39083.0
01:19.0,23.5357128,-19.427778399999998,3743.0,39083.0
01:53.0,23.5158944,-19.4162126,3743.0,39083.0
01:15.0,23.5037192,-19.412285,3743.0,39083.0
48:18.0,23.517046399999998,-19.411988,3743.0,39083.0
01:38.0,23.5008822,-19.413044600000003,3743.0,39083.0
01:01.0,23.517936,-19.4174923,3743.0,39083.0
01:14.0,23.5384299,-19.4257453,3743.0,39083.0
02:47.0,23.5272367,-19.413990300000002,3743.0,39083.0
01:29.0,23.5291495,-19.4203914,3743.0,39083.0
02:38.0,23.531791899999998,-19.4208566,3743.0,39083.0
30:54.0,23.517193,-19.376136,3743.0,39083.0
30:52.0,23.5372497,-19.4108669,3743.0,39083.0
45:57.0,23.582181100000003,-19.4086292,3743.0,39083.0
03:03.0,23.5398918,-19.4066254,3743.0,39083.0
01:35.0,23.532579000000002,-19.3890312,3743.0,39083.0
01:51.0,23.5373274,-19.3914163,3743.0,39083.0
02:09.0,23.529135600000004,-19.3962598,3743.0,39083.0
01:53.0,23.5545038,-19.4197468,3866.0,39083.0
00:45.0,23.549051300000002,-19.4160225,3866.0,39083.0
00:22.0,23.552186199999998,-19.4167892,3866.0,39083.0
00:27.0,23.5651082,-19.423506,3866.0,39083.0
00:48.0,23.5748655,-19.4204471,3866.0,39083.0
00:10.0,23.574205,-19.419916100000002,3866.0,39083.0
00:36.0,23.5739492,-19.4172398,3866.0,39083.0
00:42.0,23.5863849,-19.4126091,3866.0,39083.0
00:14.0,23.595176600000002,-19.419051899999996,3866.0,39083.0
00:13.0,23.596506,-19.424951699999998,3866.0,39083.0
00:43.0,23.599583199999998,-19.425580800000002,3866.0,39083.0
00:41.0,23.604861,-19.4270842,3866.0,39083.0
00:21.0,23.607353699999997,-19.4287236,3866.0,39083.0
00:32.0,23.6257125,-19.43644,3866.0,39083.0
00:20.0,23.6557533,-19.4498646,3866.0,39083.0
00:26.0,23.6660195,-19.4532923,3866.0,39083.0
00:47.0,23.671848800000003,-19.4540932,3866.0,39083.0
00:15.0,23.6906957,-19.4608262,3866.0,39083.0
00:35.0,23.7039532,-19.4585937,3866.0,39083.0
01:12.0,23.703021300000003,-19.452934399999997,3866.0,39083.0
00:54.0,23.702498199999997,-19.4523358,3866.0,39083.0
00:58.0,23.699105399999997,-19.4571122,3866.0,39083.0
00:56.0,23.698426100000002,-19.4602526,3866.0,39083.0
00:19.0,23.6982587,-19.458949399999998,3866.0,39083.0
00:05.0,23.701651899999998,-19.4653611,3866.0,39083.0
00:29.0,23.705782,-19.4681216,3866.0,39083.0
00:49.0,23.705949,-19.4682466,3866.0,39083.0
00:07.0,23.7052181,-19.4698178,3866.0,39083.0
00:17.0,23.7072355,-19.4712253,3866.0,39083.0
00:33.0,23.7037172,-19.4694309,3866.0,39083.0
00:51.0,23.703616,-19.4688066,3866.0,39083.0
00:28.0,23.703211,-19.4681967,3866.0,39083.0
00:40.0,23.7029786,-19.469976100000004,3866.0,39083.0
00:12.0,23.711363100000003,-19.473874,3866.0,39083.0
00:18.0,23.7075682,-19.473470499999998,3866.0,39083.0
01:42.0,23.706075199999997,-19.473031,3866.0,39083.0
00:37.0,23.7062202,-19.4709812,3866.0,39083.0
01:07.0,23.705469,-19.4703937,3866.0,39083.0
01:03.0,23.70617,-19.4703875,3866.0,39083.0
00:44.0,23.706622600000003,-19.4706989,3866.0,39083.0
00:53.0,23.7063614,-19.471003600000003,3866.0,39083.0
00:30.0,23.7027855,-19.469939899999996,3866.0,39083.0
00:38.0,23.6708183,-19.4583799,3866.0,39083.0
00:25.0,23.6396371,-19.440312600000002,3866.0,39083.0
00:24.0,23.6425332,-19.4406574,3866.0,39083.0
00:08.0,23.6428025,-19.440977399999998,3866.0,39083.0
00:23.0,23.613170699999998,-19.4205,3866.0,39083.0
00:34.0,23.628024800000002,-19.416255,3866.0,39083.0
00:50.0,23.6391527,-19.4274588,3866.0,39083.0
01:18.0,23.7964827,-19.4912979,3866.0,39083.0
00:11.0,23.7922146,-19.4863949,3866.0,39083.0
01:01.0,23.8169044,-19.5143718,3866.0,39083.0
15:11.0,23.808646,-19.5735177,3866.0,39083.0
30:19.0,23.8085075,-19.571603500000002,3866.0,39083.0
45:17.0,23.809073899999998,-19.5711539,3866.0,39083.0
15:18.0,23.8084385,-19.5713895,3866.0,39083.0
30:16.0,23.8087554,-19.571104000000002,3866.0,39083.0
45:13.0,23.8091375,-19.570434,3866.0,39083.0
00:09.0,23.8094736,-19.5706389,3866.0,39083.0
15:12.0,23.8099621,-19.570219100000003,3866.0,39083.0
30:09.0,23.811821600000002,-19.5702402,3866.0,39083.0
45:15.0,23.8117801,-19.5701391,3866.0,39083.0
15:10.0,23.811817,-19.570035600000004,3866.0,39083.0
30:52.0,23.811414499999998,-19.570873000000002,3866.0,39083.0
45:11.0,23.8123619,-19.5706726,3866.0,39083.0
15:38.0,23.821671399999996,-19.5789258,3866.0,39083.0
30:34.0,23.822820999999998,-19.5782242,3866.0,39083.0
46:00.0,23.8282448,-19.5822538,3866.0,39083.0
15:19.0,23.8345491,-19.5902009,3866.0,39083.0
30:25.0,23.8363795,-19.591924,3866.0,39083.0
45:40.0,23.838581,-19.5929492,3866.0,39083.0
15:13.0,23.844101199999997,-19.597407500000003,3866.0,39083.0
30:11.0,23.8443605,-19.598730800000002,3866.0,39083.0
45:19.0,23.8444044,-19.599654100000002,3866.0,39083.0
15:14.0,23.844153,-19.6004548,3866.0,39083.0
30:41.0,23.844313800000002,-19.6015224,3866.0,39083.0
45:14.0,23.843908300000002,-19.6018039,3866.0,39083.0
45:20.0,23.846026100000003,-19.606456,3866.0,39083.0
30:17.0,23.8523111,-19.6086887,3866.0,39083.0
45:32.0,23.852261,-19.6086527,3866.0,39083.0
15:30.0,23.8520141,-19.6088646,3866.0,39083.0
45:42.0,23.8522033,-19.6093917,3866.0,39083.0
15:16.0,23.8521477,-19.611204100000002,3866.0,39083.0
30:23.0,23.8526543,-19.6122005,3866.0,39083.0
15:21.0,23.855228,-19.615741399999997,3866.0,39083.0
30:15.0,23.8556192,-19.6167503,3866.0,39083.0
45:37.0,23.8552215,-19.6180901,3866.0,39083.0
45:22.0,23.881058399999997,-19.627336399999997,3866.0,39083.0
45:12.0,23.897886,-19.6358247,3866.0,39083.0
15:42.0,23.906458899999997,-19.641088,3866.0,39083.0
30:47.0,23.908370899999998,-19.6428582,3866.0,39083.0
45:18.0,23.910872199999996,-19.6458417,3866.0,39083.0
45:41.0,23.927347100000002,-19.6584704,3866.0,39083.0
00:16.0,23.9324592,-19.664386800000003,3866.0,39083.0
15:15.0,23.9325976,-19.6644719,3866.0,39083.0
30:10.0,23.9326257,-19.664476,3866.0,39083.0
30:08.0,23.9441044,-19.6798872,3866.0,39083.0
45:16.0,23.9547758,-19.6953073,3866.0,39083.0
45:31.0,23.954769,-19.6953249,3866.0,39084.0
45:26.0,23.9605069,-19.7005749,3866.0,39084.0
45:47.0,23.979460500000002,-19.7121755,3866.0,39084.0
30:14.0,23.993626000000003,-19.7230007,3866.0,39084.0
45:08.0,23.9971111,-19.7263819,3866.0,39084.0
30:18.0,24.0374607,-19.7327048,3866.0,39084.0
30:43.0,24.045854000000002,-19.7372065,3866.0,39084.0
30:27.0,24.0471832,-19.7378688,3866.0,39084.0
15:23.0,24.0561169,-19.7376807,3866.0,39084.0
30:24.0,24.0567427,-19.7382815,3866.0,39084.0
45:53.0,24.0567892,-19.738267899999997,3866.0,39084.0
15:17.0,24.059224399999998,-19.740420899999997,3866.0,39084.0
30:32.0,24.058611499999998,-19.740714899999997,3866.0,39084.0
45:24.0,24.0584768,-19.740760199999997,3866.0,39084.0
15:34.0,24.0586056,-19.7406362,3866.0,39084.0
45:33.0,24.058581699999998,-19.7407204,3866.0,39084.0
45:27.0,24.0585932,-19.740775199999998,3866.0,39084.0
15:25.0,24.074762699999997,-19.7501899,3866.0,39084.0
30:20.0,24.0753233,-19.7499033,3866.0,39084.0
30:06.0,24.075476600000002,-19.7504228,3866.0,39084.0
45:10.0,24.076400500000002,-19.7517073,3866.0,39084.0
30:07.0,24.0784978,-19.7546845,3866.0,39084.0
00:06.0,24.079566800000002,-19.7595672,3866.0,39084.0
15:06.0,24.0856717,-19.7675262,3866.0,39084.0
15:26.0,24.084025600000004,-19.767026899999998,3866.0,39084.0
30:42.0,24.0840661,-19.7670281,3866.0,39084.0
45:23.0,24.082703600000002,-19.7637015,3866.0,39084.0
15:28.0,24.0824607,-19.763661600000002,3866.0,39084.0
15:41.0,24.0877672,-19.7540206,3866.0,39084.0
30:31.0,24.090732100000004,-19.750276100000004,3866.0,39084.0
30:38.0,24.090846300000003,-19.7488764,3866.0,39084.0
30:39.0,24.092447399999998,-19.7490396,3866.0,39084.0
15:04.0,24.0922276,-19.7492838,3866.0,39084.0
15:20.0,24.092912,-19.750967499999998,3866.0,39084.0
15:54.0,24.089794199999996,-19.752506399999998,3866.0,39084.0
30:12.0,24.0896202,-19.7530289,3866.0,39084.0
45:02.0,24.0890363,-19.7532053,3866.0,39084.0
15:07.0,24.087317199999998,-19.753461899999998,3866.0,39084.0
45:28.0,24.0879581,-19.7564395,3866.0,39084.0
15:35.0,24.0823375,-19.7648624,3866.0,39084.0
15:09.0,24.0824799,-19.7624598,3866.0,39084.0
30:22.0,24.082629999999998,-19.762472,3866.0,39084.0
15:05.0,24.0837842,-19.7631867,3866.0,39084.0
30:13.0,24.0835509,-19.763206699999998,3866.0,39084.0
45:07.0,24.0826023,-19.7618228,3866.0,39084.0
15:31.0,24.08225,-19.7517134,3866.0,39084.0
15:24.0,24.0881299,-19.7385251,3866.0,39084.0
45:25.0,24.081735199999997,-19.743196899999997,3866.0,39084.0
15:47.0,24.0813663,-19.743285999999998,3866.0,39084.0
30:48.0,24.080851000000003,-19.7497611,3866.0,39084.0
31:00.0,24.0790621,-19.7525389,3866.0,39084.0
45:30.0,24.0792816,-19.7522901,3866.0,39084.0
16:23.0,24.079051999999997,-19.7523764,3866.0,39084.0
30:33.0,24.0789129,-19.7524518,3866.0,39084.0
46:01.0,24.078764399999997,-19.7524724,3866.0,39084.0
30:30.0,24.0788836,-19.7523564,3866.0,39084.0
45:06.0,24.081379199999997,-19.7474188,3866.0,39084.0
15:08.0,24.079466500000002,-19.7480093,3866.0,39084.0
15:48.0,24.0801225,-19.7484436,3866.0,39084.0
45:29.0,24.07974,-19.748673999999998,3866.0,39084.0
30:40.0,24.080467000000002,-19.7495852,3866.0,39084.0
45:09.0,24.0833205,-19.750764,3866.0,39084.0
15:29.0,24.0901562,-19.750853600000003,3866.0,39084.0
45:21.0,24.092406399999998,-19.7488508,3866.0,39084.0
45:48.0,24.0922794,-19.7489612,3866.0,39084.0
30:26.0,24.089602600000003,-19.7526443,3866.0,39084.0
30:21.0,24.0783293,-19.7750675,3866.0,39084.0
01:54.0,24.0944698,-19.7786919,3866.0,39084.0
00:55.0,24.1229038,-19.766760199999997,3866.0,39084.0
00:39.0,24.124254699999998,-19.767162699999997,3866.0,39084.0
00:46.0,24.1233268,-19.7820812,3866.0,39084.0
00:03.0,24.1231848,-19.786046600000002,3866.0,39084.0
01:17.0,24.0595372,-19.7176125,3866.0,39083.0
01:06.0,23.8686593,-19.588860500000003,3866.0,39083.0
00:31.0,23.8623409,-19.6040927,3866.0,39083.0
00:52.0,24.1275645,-19.7744566,3866.0,39084.0
15:37.0,24.9195249,-20.4566055,3866.0,39444.0
30:28.0,24.947207199999998,-20.6092098,3866.0,39444.0
45:46.0,24.9461151,-20.6163199,3866.0,39444.0
15:40.0,24.945588600000004,-20.6203395,3866.0,39444.0
15:22.0,24.9510523,-20.6245172,3866.0,39444.0
45:03.0,24.951335800000003,-20.6257229,3866.0,39444.0
45:04.0,24.9722615,-20.630551500000003,3866.0,39444.0
31:25.0,24.957934299999998,-20.6334413,3866.0,39444.0
45:54.0,24.9584956,-20.6342985,3866.0,39444.0
15:57.0,24.9583797,-20.6345271,3866.0,39444.0
15:32.0,24.9601229,-20.6500323,3866.0,39444.0
15:36.0,24.9501651,-20.6538246,3866.0,39444.0
30:35.0,24.9532013,-20.619994000000002,3866.0,39444.0
01:10.0,25.057537600000003,-20.5403475,3866.0,39445.0
01:13.0,25.0691391,-20.470173199999998,3866.0,39445.0
00:04.0,25.0747021,-20.476173199999998,3866.0,39445.0
01:15.0,24.977625600000003,-20.6812003,3866.0,39444.0
01:40.0,24.8192454,-20.6592303,3866.0,39444.0
02:25.0,24.8674104,-20.6465842,3866.0,39444.0
01:08.0,24.918172199999997,-20.6493629,3866.0,39444.0
00:57.0,24.9255211,-20.560563199999997,3866.0,39444.0
02:02.0,24.9800944,-20.585937100000002,3866.0,39444.0
01:20.0,24.9662202,-20.5687617,3866.0,39444.0
15:39.0,24.984126800000002,-20.5998445,3866.0,39444.0
15:27.0,24.984427,-20.5998304,3866.0,39444.0
45:34.0,24.9844235,-20.599795,3866.0,39444.0
15:33.0,24.984414800000003,-20.5996949,3866.0,39444.0
30:05.0,24.984931600000003,-20.569713600000004,3866.0,39444.0
15:43.0,24.9961595,-20.6038394,3866.0,39444.0
30:29.0,24.9951362,-20.5789573,3866.0,39445.0
45:36.0,25.0479757,-20.551245,3866.0,39445.0
30:44.0,25.0467874,-20.5801046,3866.0,39445.0
30:53.0,25.044695800000003,-20.579314899999996,3866.0,39445.0
01:41.0,25.0584326,-20.581881600000003,3866.0,39445.0
01:11.0,24.9563362,-20.5809915,3866.0,39444.0
01:38.0,24.941448100000002,-20.577865799999998,3866.0,39444.0
01:24.0,24.979539600000003,-20.6249917,3866.0,39444.0
45:05.0,24.9704244,-20.597479800000002,3866.0,39444.0
45:35.0,24.955436199999998,-20.597839899999997,3866.0,39444.0
30:36.0,24.965162699999997,-20.6247402,3866.0,39444.0
15:44.0,24.986977300000003,-20.6197302,3866.0,39444.0
02:09.0,24.985408,-20.636229999999998,3866.0,39444.0
01:09.0,24.959363500000002,-20.682557199999998,3866.0,39444.0
01:23.0,24.9090138,-20.766183899999998,3866.0,39444.0
46:12.0,25.028542,-20.6011981,3866.0,39445.0
30:37.0,25.0299497,-20.589644399999997,3866.0,39445.0
30:54.0,25.0189374,-20.5779359,3866.0,39445.0
45:50.0,24.962892899999996,-20.554549899999998,3866.0,39444.0
00:59.0,25.1075741,-20.6042931,3866.0,39445.0
01:19.0,25.026761800000003,-20.3980196,3866.0,39444.0
15:03.0,24.9605072,-20.394169,3866.0,39444.0
45:45.0,24.9332563,-20.4023619,3866.0,39444.0
46:27.0,24.9392438,-20.4048623,3866.0,39444.0
15:45.0,24.888609699999996,-20.402466399999998,3866.0,39444.0
02:28.0,24.8766227,-20.4829887,3866.0,39444.0
02:38.0,24.8010344,-20.5113895,3866.0,39444.0
01:00.0,24.8085319,-20.5067458,3866.0,39444.0
02:06.0,24.9136035,-20.5144047,3866.0,39444.0
02:19.0,24.924298,-20.5635859,3866.0,39444.0
00:02.0,24.851973,-20.6433708,3866.0,39444.0
45:39.0,24.761074100000002,-20.586285600000004,3866.0,39444.0
15:52.0,24.502405,-20.3952187,3866.0,39444.0
01:25.0,24.0147925,-19.7336149,3866.0,39084.0
01:28.0,23.7232908,-19.4931755,3866.0,39083.0
01:14.0,23.6991883,-19.468569100000003,3866.0,39083.0
16:11.0,23.6135432,-19.4302321,3866.0,39083.0
30:49.0,23.539306200000002,-19.432254,3866.0,39083.0
01:26.0,23.627364899999996,-19.438118399999997,3866.0,39083.0
30:46.0,23.7276747,-19.478283899999997,3866.0,39083.0
46:05.0,23.7322107,-19.487724800000002,3866.0,39083.0
01:33.0,23.8075223,-19.5755681,3866.0,39083.0
01:48.0,23.9066903,-19.6156873,3866.0,39083.0
01:16.0,23.904199600000002,-19.620504999999998,3866.0,39083.0
01:22.0,23.817118,-19.5601746,3866.0,39083.0
01:02.0,23.8567094,-19.611815,3866.0,39083.0
01:55.0,23.8192764,-19.5699753,3866.0,39083.0
01:37.0,23.7053441,-19.467772699999998,3866.0,39083.0
01:27.0,23.6828759,-19.4620041,3866.0,39083.0
16:14.0,23.619199,-19.432880899999997,3866.0,39083.0
45:43.0,23.597517800000002,-19.444117000000002,3866.0,39083.0
15:53.0,23.598092899999997,-19.441713500000002,3866.0,39083.0
31:28.0,23.6304789,-19.428258399999997,3866.0,39083.0
30:56.0,23.6280803,-19.4271122,3866.0,39083.0
16:01.0,23.629327,-19.437625600000004,3866.0,39083.0
01:50.0,23.7050646,-19.4791185,3866.0,39083.0
45:38.0,23.6180013,-19.4239813,3866.0,39083.0
01:51.0,23.652411899999997,-19.4319281,3866.0,39083.0
01:43.0,23.6502938,-19.4309826,3866.0,39083.0
30:03.0,23.6552238,-19.435718100000003,3866.0,39083.0
46:22.0,23.6195827,-19.4157169,3866.0,39083.0
31:05.0,23.655732399999998,-19.4283575,3866.0,39083.0
45:51.0,23.6134484,-19.4238692,3866.0,39083.0
01:04.0,23.530994500000002,-19.3886997,3866.0,39083.0
30:50.0,23.5294673,-19.3968008,3866.0,39083.0
45:44.0,23.574197899999998,-19.4134201,3866.0,39083.0
45:49.0,23.5608441,-19.4102763,3866.0,39083.0
30:45.0,23.6059943,-19.4190318,3866.0,39083.0
00:42.0,23.6029641,-19.4288147,6402.0,39083.0
00:36.0,23.599574899999997,-19.428915399999998,6402.0,39083.0
00:39.0,23.5971763,-19.429185500000003,6402.0,39083.0
00:43.0,23.5924234,-19.429873,6402.0,39083.0
00:26.0,23.5928171,-19.429309699999997,6402.0,39083.0
00:48.0,23.593751,-19.431125899999998,6402.0,39083.0
00:07.0,23.592723100000004,-19.4304962,6402.0,39083.0
00:15.0,23.5941836,-19.4305676,6402.0,39083.0
00:49.0,23.597064399999997,-19.432265100000002,6402.0,39083.0
00:47.0,23.598726,-19.4292342,6402.0,39083.0
00:11.0,23.5999779,-19.427912300000003,6402.0,39083.0
00:13.0,23.605541600000002,-19.4176794,6402.0,39083.0
00:06.0,23.604699,-19.416578,6402.0,39083.0
00:17.0,23.6049361,-19.416980499999998,6402.0,39083.0
00:24.0,23.60482,-19.4167055,6402.0,39083.0
00:05.0,23.6050009,-19.4168726,6402.0,39083.0
00:18.0,23.603951300000002,-19.4189523,6402.0,39083.0
00:16.0,23.567702899999997,-19.4051147,6402.0,39083.0
00:08.0,23.554621899999997,-19.3954499,6402.0,39083.0
01:12.0,23.549897899999998,-19.394074800000002,6402.0,39083.0
00:23.0,23.590076800000002,-19.419535500000002,6402.0,39083.0
00:09.0,23.614063899999998,-19.4179837,6402.0,39083.0
00:41.0,23.609361899999996,-19.4161568,6402.0,39083.0
00:10.0,23.6010336,-19.4232624,6402.0,39083.0
00:44.0,23.597483,-19.4213219,6402.0,39083.0
00:12.0,23.604384200000002,-19.4286675,6402.0,39083.0
00:53.0,23.604452399999996,-19.4286077,6402.0,39083.0
00:14.0,23.5532636,-19.4013185,6402.0,39083.0
00:37.0,23.572640600000003,-19.407076500000002,6402.0,39083.0
00:19.0,23.596292000000002,-19.423804999999998,6402.0,39083.0
00:25.0,23.5982277,-19.4268167,6402.0,39083.0
00:20.0,23.58886,-19.4288776,6402.0,39083.0
00:55.0,23.5872531,-19.4301034,6402.0,39083.0
00:21.0,23.5936044,-19.428806100000003,6402.0,39083.0
00:27.0,23.5887969,-19.4259212,6402.0,39083.0
00:29.0,23.559345,-19.4121672,6402.0,39083.0
00:45.0,23.5365629,-19.4006195,6402.0,39083.0
02:14.0,23.5408965,-19.4016521,6402.0,39083.0
02:15.0,23.558065799999998,-19.4070225,6402.0,39083.0
02:50.0,23.596413100000003,-19.4204503,6402.0,39083.0
00:32.0,23.545882100000004,-19.3946048,6402.0,39083.0
00:56.0,23.5598194,-19.397734699999997,6402.0,39083.0
00:03.0,23.5703759,-19.4037587,6402.0,39083.0
00:30.0,23.6007105,-19.4164134,6402.0,39083.0
15:18.0,23.6060073,-19.4159928,6402.0,39083.0
30:14.0,23.6060093,-19.4172015,6402.0,39083.0
45:25.0,23.6056614,-19.417796600000003,6402.0,39083.0
15:10.0,23.6052935,-19.4179318,6402.0,39083.0
30:11.0,23.605304999999998,-19.4179145,6402.0,39083.0
45:19.0,23.6053142,-19.4181066,6402.0,39083.0
30:15.0,23.605288,-19.418144199999997,6402.0,39083.0
45:11.0,23.6052177,-19.4185157,6402.0,39083.0
30:18.0,23.6040646,-19.419381,6402.0,39083.0
45:48.0,23.604195999999998,-19.419488,6402.0,39083.0
15:11.0,23.6024839,-19.4215771,6402.0,39083.0
45:18.0,23.6013353,-19.4215964,6402.0,39083.0
15:37.0,23.602209600000002,-19.425639,6402.0,39083.0
30:12.0,23.604418300000003,-19.4271662,6402.0,39083.0
45:08.0,23.6064897,-19.427655899999998,6402.0,39083.0
15:13.0,23.605643,-19.4282693,6402.0,39083.0
30:04.0,23.60611,-19.4297829,6402.0,39083.0
45:06.0,23.605851,-19.430348100000003,6402.0,39083.0
15:09.0,23.605900600000002,-19.4303229,6402.0,39083.0
45:13.0,23.6058107,-19.430325399999997,6402.0,39083.0
00:46.0,23.6058548,-19.430367800000003,6402.0,39083.0
15:08.0,23.6054094,-19.4304135,6402.0,39083.0
15:15.0,23.6028384,-19.4309355,6402.0,39083.0
30:22.0,23.602887399999997,-19.4309399,6402.0,39083.0
15:16.0,23.6033704,-19.431128899999997,6402.0,39083.0
45:15.0,23.6032194,-19.4312932,6402.0,39083.0
15:40.0,23.6036228,-19.4311151,6402.0,39083.0
30:16.0,23.6028798,-19.43096,6402.0,39083.0
45:21.0,23.602857999999998,-19.4309793,6402.0,39083.0
30:13.0,23.6028439,-19.430944600000004,6402.0,39083.0
45:07.0,23.603015,-19.4311975,6402.0,39083.0
45:10.0,23.603168300000004,-19.4305585,6402.0,39083.0
15:12.0,23.6010569,-19.430317300000002,6402.0,39083.0
30:05.0,23.6008225,-19.4301543,6402.0,39083.0
45:12.0,23.6024193,-19.429697100000002,6402.0,39083.0
45:09.0,23.6065504,-19.4185764,6402.0,39083.0
30:42.0,23.6064101,-19.416559799999998,6402.0,39083.0
30:07.0,23.605625699999997,-19.4166797,6402.0,39083.0
15:19.0,23.6058437,-19.416521799999998,6402.0,39083.0
30:19.0,23.6058187,-19.4164932,6402.0,39083.0
15:31.0,23.603653899999998,-19.417623100000004,6402.0,39083.0
30:41.0,23.6029168,-19.4178079,6402.0,39083.0
30:17.0,23.5750016,-19.409119,6402.0,39083.0
45:14.0,23.5703687,-19.405480999999998,6402.0,39083.0
15:44.0,23.554689,-19.3997922,6402.0,39083.0
15:23.0,23.532588699999998,-19.3919267,6402.0,39083.0
15:42.0,23.5609477,-19.397640399999997,6402.0,39083.0
30:21.0,23.5762659,-19.405276100000002,6402.0,39083.0
45:16.0,23.5768276,-19.4057426,6402.0,39083.0
45:30.0,23.603416600000003,-19.4151395,6402.0,39083.0
15:14.0,23.6041414,-19.4145271,6402.0,39083.0
00:22.0,23.6033109,-19.4149633,6402.0,39083.0
30:08.0,23.602932,-19.4145254,6402.0,39083.0
15:17.0,23.603703399999997,-19.4142789,6402.0,39083.0
30:23.0,23.6039046,-19.4142315,6402.0,39083.0
30:47.0,23.6039455,-19.414139399999996,6402.0,39083.0
15:30.0,23.596902399999998,-19.4215997,6402.0,39083.0
45:31.0,23.584242800000002,-19.423810500000002,6402.0,39083.0
00:50.0,23.5743914,-19.4197358,6402.0,39083.0
30:10.0,23.544486600000003,-19.3948268,6402.0,39083.0
30:09.0,23.5684605,-19.4096648,6402.0,39083.0
45:41.0,23.599859,-19.4166375,6402.0,39083.0
15:26.0,23.5970807,-19.415555100000002,6402.0,39083.0
45:28.0,23.5969674,-19.4157398,6402.0,39083.0
30:24.0,23.5974322,-19.419262699999997,6402.0,39083.0
30:53.0,23.604999499999998,-19.4227448,6402.0,39083.0
45:37.0,23.638211899999998,-19.4391325,6402.0,39083.0
15:20.0,23.662404000000002,-19.4340895,6402.0,39083.0
45:23.0,23.6599169,-19.4307128,6402.0,39083.0
15:06.0,23.6662414,-19.4413492,6402.0,39083.0
15:04.0,23.6693432,-19.4441345,6402.0,39083.0
45:42.0,23.669381299999998,-19.448251199999998,6402.0,39083.0
46:08.0,23.663898800000002,-19.4416015,6402.0,39083.0
15:41.0,23.664529100000003,-19.4416487,6402.0,39083.0
01:11.0,23.6693878,-19.4501299,6402.0,39083.0
30:54.0,23.703728299999998,-19.471323899999998,6402.0,39083.0
45:40.0,23.726595800000002,-19.4737857,6402.0,39083.0
15:07.0,23.8017589,-19.5559171,6402.0,39083.0
45:17.0,23.810288699999997,-19.5759745,6402.0,39083.0
01:38.0,23.8200903,-19.587598999999997,6402.0,39083.0
15:32.0,23.858759699999997,-19.6140427,6402.0,39083.0
30:20.0,23.8803779,-19.6254115,6402.0,39083.0
15:22.0,23.9037182,-19.6550987,6402.0,39083.0
30:06.0,23.9105094,-19.6600435,6402.0,39083.0
45:24.0,24.011283,-19.7505586,6402.0,39084.0
30:27.0,24.016716100000004,-19.7570342,6402.0,39084.0
15:21.0,24.0233578,-19.7639997,6402.0,39084.0
15:47.0,24.023243700000002,-19.7640658,6402.0,39084.0
30:25.0,24.072600199999997,-19.7663299,6402.0,39084.0
30:38.0,24.207651199999997,-19.8194485,6402.0,39084.0
45:33.0,24.1960437,-19.8053966,6402.0,39084.0
45:20.0,24.204538,-19.8473854,6402.0,39084.0
15:24.0,24.2045563,-19.8474015,6402.0,39084.0
45:34.0,24.269728100000002,-19.9550245,6402.0,39084.0
15:05.0,24.2671415,-19.970600899999997,6402.0,39084.0
45:22.0,24.1968345,-19.909647600000003,6402.0,39084.0
30:35.0,24.1984818,-19.9039402,6402.0,39084.0
15:35.0,24.1997762,-19.933779,6402.0,39084.0
45:05.0,24.2294333,-19.984954600000002,6402.0,39084.0
00:33.0,24.2420815,-19.993931699999997,6402.0,39444.0
15:38.0,24.324644600000003,-19.9973043,6402.0,39084.0
45:47.0,24.3699217,-20.007912899999997,6402.0,39444.0
45:27.0,24.244320899999998,-19.9883206,6402.0,39084.0
15:25.0,24.236022199999997,-19.9916556,6402.0,39084.0
15:28.0,24.234048,-19.9923914,6402.0,39084.0
30:39.0,24.2250695,-20.1063567,6402.0,39444.0
45:32.0,24.4024939,-20.171959,6402.0,39444.0
30:31.0,24.5252418,-20.3723222,6402.0,39444.0
45:29.0,24.524877800000002,-20.372000600000003,6402.0,39444.0
00:31.0,24.9387475,-20.5874334,6402.0,39444.0
00:28.0,24.9778416,-20.5341468,6402.0,39445.0
02:25.0,25.0188281,-20.5879734,6402.0,39445.0
00:40.0,25.0967563,-20.479235199999998,6402.0,39445.0
00:38.0,25.076435399999998,-20.4741048,6402.0,39445.0
00:54.0,25.016272600000004,-20.3789454,6402.0,39444.0
45:04.0,25.0219251,-20.3994412,6402.0,39445.0
30:34.0,25.007105499999998,-20.3917967,6402.0,39444.0
15:27.0,24.9976767,-20.3927953,6402.0,39445.0
45:35.0,25.0081426,-20.4093261,6402.0,39445.0
00:34.0,25.0213117,-20.4186527,6402.0,39445.0
01:44.0,24.9720295,-20.621101899999996,6402.0,39444.0
01:51.0,24.995713199999997,-20.646717000000002,6402.0,39444.0
00:04.0,25.013433199999998,-20.646005600000002,6402.0,39445.0
01:23.0,25.019568,-20.6553847,6402.0,39445.0
00:35.0,25.0503992,-20.4737842,6402.0,39445.0
02:16.0,25.0525794,-20.6398966,6402.0,39444.0
02:41.0,24.9008484,-20.6859152,6402.0,39444.0
02:03.0,24.903229,-20.6902009,6402.0,39444.0
00:51.0,24.955058800000003,-20.6199445,6402.0,39444.0
01:17.0,24.954719100000002,-20.6172557,6402.0,39444.0
00:52.0,24.9480392,-20.6067492,6402.0,39444.0
01:28.0,24.8619569,-20.6568516,6402.0,39444.0
01:48.0,24.904678699999998,-20.668031399999997,6402.0,39444.0
01:42.0,24.9435083,-20.5725452,6402.0,39444.0
01:39.0,24.9370335,-20.5814831,6402.0,39444.0
01:25.0,25.072763199999997,-20.5259445,6402.0,39445.0
02:29.0,25.125309100000003,-20.4970682,6402.0,39445.0
01:53.0,24.858161199999998,-20.7013099,6402.0,39444.0
01:05.0,24.823400399999997,-20.7211604,6402.0,39444.0
01:41.0,24.82062,-20.6956788,6402.0,39444.0
01:01.0,24.8376462,-20.6603684,6402.0,39444.0
01:45.0,24.7975267,-20.6892514,6402.0,39444.0
01:47.0,24.8476375,-20.660149899999997,6402.0,39444.0
01:04.0,24.915684699999996,-20.6761799,6402.0,39444.0
01:08.0,24.8947271,-20.7418843,6402.0,39444.0
01:09.0,24.8961132,-20.741234600000002,6402.0,39444.0
01:30.0,24.9208297,-20.754475699999997,6402.0,39444.0
03:01.0,24.9054365,-20.7532329,6402.0,39444.0
01:32.0,25.0768263,-20.6231918,6402.0,39445.0
01:16.0,25.0721188,-20.6182685,6402.0,39445.0
02:24.0,25.0646516,-20.594675,6402.0,39445.0
02:10.0,25.077923000000002,-20.583032,6402.0,39445.0
01:24.0,25.0804004,-20.5828317,6402.0,39445.0
00:58.0,25.0680775,-20.56136,6402.0,39445.0
01:26.0,25.0472875,-20.4811833,6402.0,39445.0
01:02.0,25.0576635,-20.4889975,6402.0,39445.0
01:03.0,25.043708,-20.4793158,6402.0,39445.0
00:57.0,25.0408263,-20.475016699999998,6402.0,39445.0
02:35.0,25.0778965,-20.4575465,6402.0,39445.0
02:22.0,25.1076348,-20.472302300000003,6402.0,39445.0
02:57.0,25.123330600000003,-20.491972699999998,6402.0,39445.0
01:18.0,25.119812699999997,-20.494890100000003,6402.0,39445.0
03:20.0,25.086130100000002,-20.492010500000003,6402.0,39445.0
14:59.0,25.0931206,-20.502379,6402.0,39445.0
38:42.0,25.1073599,-20.5091606,6402.0,39445.0
02:12.0,25.112718100000002,-20.5151677,6402.0,39445.0
01:20.0,25.109479399999998,-20.5148951,6402.0,39445.0
35:56.0,25.1219,-20.5330698,6402.0,39445.0
01:50.0,25.1264001,-20.5309618,6402.0,39445.0
01:15.0,25.177998000000002,-20.525294,6402.0,39445.0
37:17.0,25.179520800000002,-20.5091559,6402.0,39445.0
27:11.0,25.173668399999997,-20.509110600000003,6402.0,39445.0
01:54.0,25.163811300000003,-20.492449800000003,6402.0,39445.0
02:20.0,25.1685884,-20.4748217,6402.0,39445.0
00:59.0,25.1112084,-20.4566473,6402.0,39445.0
07:26.0,25.1102234,-20.4534443,6402.0,39445.0
01:55.0,25.083014499999997,-20.432931699999997,6402.0,39445.0
01:07.0,25.0959421,-20.4358199,6402.0,39445.0
19:54.0,25.1561854,-20.435535100000003,6402.0,39445.0
10:56.0,25.1042782,-20.468749300000002,6402.0,39445.0
02:56.0,25.102203699999997,-20.4798904,6402.0,39445.0
01:43.0,25.1250622,-20.5693652,6402.0,39445.0
18:18.0,25.0608398,-20.583633,6402.0,39445.0
38:55.0,25.049917999999998,-20.6401657,6402.0,39445.0
41:54.0,25.052235999999997,-20.6385523,6402.0,39445.0
18:53.0,25.0402621,-20.6640354,6402.0,39445.0
05:54.0,25.006718799999998,-20.647878,6402.0,39445.0
01:14.0,25.050203399999997,-20.6094402,6402.0,39445.0
03:26.0,25.034236899999996,-20.601955,6402.0,39445.0
36:56.0,25.0328174,-20.6090529,6402.0,39445.0
24:29.0,25.0274015,-20.6063142,6402.0,39445.0
02:44.0,25.0265465,-20.6024585,6402.0,39445.0
05:25.0,25.0413523,-20.5716493,6402.0,39445.0
33:02.0,25.0422547,-20.570458399999996,6402.0,39445.0
01:59.0,25.0358472,-20.5596612,6402.0,39445.0
01:49.0,25.0285346,-20.5715156,6402.0,39445.0
02:54.0,25.024032899999998,-20.5791858,6402.0,39444.0
02:28.0,25.0219253,-20.5824844,6402.0,39444.0
24:44.0,24.919949300000003,-20.6366118,6402.0,39444.0
28:56.0,24.881720899999998,-20.6592208,6402.0,39444.0
07:25.0,24.8839773,-20.709588399999998,6402.0,39444.0
09:54.0,24.883953100000003,-20.7097315,6402.0,39444.0
04:15.0,24.884145800000002,-20.7101326,6402.0,39444.0
24:41.0,24.877454800000002,-20.7342199,6402.0,39444.0
38:20.0,24.895751,-20.7654681,6402.0,39444.0
02:13.0,24.899146,-20.764915300000002,6402.0,39444.0
21:58.0,24.886020300000002,-20.684796600000002,6402.0,39444.0
42:23.0,24.858648300000002,-20.6655638,6402.0,39444.0
01:10.0,24.8585744,-20.6652641,6402.0,39444.0
01:13.0,24.8592897,-20.668059699999997,6402.0,39444.0
01:19.0,24.858057000000002,-20.674893,6402.0,39444.0
28:25.0,24.904517000000002,-20.6679888,6402.0,39444.0
40:55.0,24.8889736,-20.633189899999998,6402.0,39445.0
03:02.0,24.8763706,-20.622643300000004,6402.0,39444.0
07:24.0,24.926073300000002,-20.622719600000003,6402.0,39444.0
43:42.0,24.9983831,-20.673424899999997,6402.0,39444.0
02:18.0,24.992566699999998,-20.652236,6402.0,39444.0
27:24.0,25.004032100000003,-20.6568484,6402.0,39444.0
05:21.0,25.0039498,-20.6567732,6402.0,39444.0
02:47.0,24.967736300000002,-20.6630265,6402.0,39444.0
45:53.0,24.944059399999997,-20.6557001,6402.0,39444.0
24:14.0,24.9152167,-20.6102738,6402.0,39444.0
18:56.0,24.890652,-20.627253200000002,6402.0,39444.0
02:46.0,24.847600600000003,-20.6405218,6402.0,39444.0
02:17.0,24.9068431,-20.6522711,6402.0,39444.0
05:27.0,24.9185332,-20.62761,6402.0,39444.0
19:26.0,24.9139365,-20.6147204,6402.0,39444.0
01:33.0,24.9343372,-20.473664199999998,6402.0,39444.0
27:25.0,24.9289397,-20.467322600000003,6402.0,39444.0
12:12.0,24.9161874,-20.489709899999998,6402.0,39444.0
43:25.0,24.9154509,-20.483462799999998,6402.0,39444.0
05:55.0,24.9422672,-20.4297962,6402.0,39444.0
08:23.0,24.9495891,-20.429695000000002,6402.0,39444.0
04:12.0,24.983738199999998,-20.4188556,6402.0,39444.0
10:20.0,24.9707155,-20.3918691,6402.0,39444.0
03:00.0,24.984075699999998,-20.4021919,6402.0,39445.0
04:54.0,24.987254999999998,-20.359865300000003,6402.0,39444.0
04:23.0,24.9981741,-20.3619967,6402.0,39444.0
01:56.0,25.013854300000002,-20.3659174,6402.0,39444.0
04:47.0,24.9374165,-20.364008899999998,6402.0,39445.0
02:31.0,25.0263852,-20.3260287,6402.0,39445.0
02:49.0,25.025339499999998,-20.328183399999997,6402.0,39444.0
02:52.0,25.0141672,-20.341551899999995,6402.0,39444.0
03:13.0,25.0105202,-20.333277399999997,6402.0,39444.0
04:56.0,25.003479100000003,-20.331720800000003,6402.0,39444.0
03:12.0,25.0018108,-20.3318369,6402.0,39444.0
05:17.0,24.9963419,-20.3308483,6402.0,39444.0
12:55.0,24.9770017,-20.3413774,6402.0,39445.0
05:45.0,24.9973165,-20.3586728,6402.0,39445.0
03:28.0,25.004996,-20.312754100000003,6402.0,39445.0
12:23.0,24.9776111,-20.297021700000002,6402.0,39445.0
11:54.0,24.9708047,-20.299862100000002,6402.0,39445.0
14:25.0,25.012926399999998,-20.430545000000002,6402.0,39445.0
05:49.0,25.0075598,-20.428883399999997,6402.0,39445.0
03:41.0,25.005512200000002,-20.427113199999997,6402.0,39444.0
05:24.0,25.004896600000002,-20.438461,6402.0,39444.0
09:53.0,25.013645999999998,-20.448962899999998,6402.0,39444.0
02:11.0,25.0113152,-20.4404606,6402.0,39444.0
02:26.0,24.9958196,-20.4412963,6402.0,39444.0
37:55.0,24.9933298,-20.442389600000002,6402.0,39444.0
54:56.0,24.977655300000002,-20.4811325,6402.0,39445.0
05:44.0,24.980810100000003,-20.4739718,6402.0,39444.0
02:43.0,24.9909009,-20.4428105,6402.0,39445.0
08:56.0,24.967626899999996,-20.4399453,6402.0,39444.0
25:31.0,24.977039899999998,-20.4323328,6402.0,39444.0
01:22.0,24.9940127,-20.431338699999998,6402.0,39445.0
02:42.0,25.0325974,-20.4234212,6402.0,39445.0
04:53.0,25.0244052,-20.4183938,6402.0,39444.0
01:06.0,25.0207522,-20.377487300000002,6402.0,39444.0
01:00.0,24.966305,-20.3741858,6402.0,39444.0
15:54.0,24.9126751,-20.382185999999997,6402.0,39444.0
02:55.0,24.8976203,-20.391715899999998,6402.0,39444.0
09:23.0,24.835946,-20.3685862,6402.0,39444.0
11:11.0,24.7749901,-20.367715899999997,6402.0,39444.0
03:23.0,24.561494699999997,-20.3859449,6402.0,39083.0
01:57.0,24.508883100000002,-20.3555427,6402.0,39083.0
05:56.0,24.510174499999998,-20.395755100000002,6402.0,39083.0
00:44.0,23.620682199999997,-19.5584529,6405.0,39083.0
01:23.0,23.640825,-19.4240937,6405.0,39083.0
01:13.0,23.6071595,-19.425400500000002,6405.0,39083.0
00:08.0,23.6067655,-19.424215,6405.0,39083.0
00:07.0,23.606535600000004,-19.4238122,6405.0,39083.0
00:41.0,23.6069139,-19.424186,6405.0,39083.0
00:23.0,23.6059859,-19.4248093,6405.0,39083.0
00:17.0,23.6028935,-19.4274641,6405.0,39083.0
00:24.0,23.6002657,-19.431492499999997,6405.0,39083.0
00:12.0,23.5989855,-19.4323189,6405.0,39083.0
00:53.0,23.600821399999997,-19.4334289,6405.0,39083.0
00:13.0,23.600399399999997,-19.4336162,6405.0,39083.0
00:48.0,23.6003705,-19.4340887,6405.0,39083.0
00:14.0,23.5999093,-19.433725600000002,6405.0,39083.0
00:16.0,23.599825600000003,-19.4325564,6405.0,39083.0
00:27.0,23.6016647,-19.4337157,6405.0,39083.0
00:22.0,23.6020507,-19.4339417,6405.0,39083.0
00:40.0,23.605959600000002,-19.433255,6405.0,39083.0
00:47.0,23.612795499999997,-19.4224127,6405.0,39083.0
00:43.0,23.614877399999997,-19.4212083,6405.0,39083.0
00:42.0,23.618912100000003,-19.4256644,6405.0,39083.0
00:20.0,23.6188396,-19.4256134,6405.0,39083.0
00:30.0,23.618392999999998,-19.428032100000003,6405.0,39083.0
00:49.0,23.5982107,-19.4357669,6405.0,39083.0
00:18.0,23.598255399999996,-19.433049899999997,6405.0,39083.0
00:15.0,23.598423800000003,-19.4334978,6405.0,39083.0
00:26.0,23.6073713,-19.423547,6405.0,39083.0
00:21.0,23.615756899999997,-19.4256897,6405.0,39083.0
00:50.0,23.601345499999997,-19.435607,6405.0,39083.0
00:11.0,23.602939000000003,-19.4361763,6405.0,39083.0
00:33.0,23.6033048,-19.4353633,6405.0,39083.0
00:09.0,23.613986999999998,-19.4235354,6405.0,39083.0
00:25.0,23.605953699999997,-19.4366443,6405.0,39083.0
00:28.0,23.6059973,-19.4368611,6405.0,39083.0
01:18.0,23.606236600000003,-19.436994600000002,6405.0,39083.0
00:45.0,23.600501899999998,-19.4456475,6405.0,39083.0
00:54.0,23.6029785,-19.4377063,6405.0,39083.0
00:36.0,23.602351199999998,-19.4363694,6405.0,39083.0
00:56.0,23.601780899999998,-19.436526,6405.0,39083.0
15:14.0,23.5991986,-19.4352285,6405.0,39083.0
30:10.0,23.5992924,-19.435330899999997,6405.0,39083.0
45:13.0,23.5993293,-19.436065,6405.0,39083.0
30:09.0,23.600063100000003,-19.435747,6405.0,39083.0
45:17.0,23.599925199999998,-19.435610699999998,6405.0,39083.0
15:16.0,23.5999951,-19.4354719,6405.0,39083.0
30:11.0,23.5999962,-19.4354652,6405.0,39083.0
45:14.0,23.600002800000002,-19.435477399999996,6405.0,39083.0
15:19.0,23.600157100000004,-19.4353867,6405.0,39083.0
30:27.0,23.600383800000003,-19.4356052,6405.0,39083.0
45:42.0,23.600409399999997,-19.435365700000002,6405.0,39083.0
15:25.0,23.6036663,-19.4319551,6405.0,39083.0
30:13.0,23.605516100000003,-19.4311648,6405.0,39083.0
45:26.0,23.6066987,-19.430216199999997,6405.0,39083.0
00:34.0,23.606509600000003,-19.4296872,6405.0,39083.0
15:23.0,23.606834600000003,-19.429135199999997,6405.0,39083.0
30:07.0,23.607274,-19.4289967,6405.0,39083.0
15:18.0,23.613994100000003,-19.423527899999996,6405.0,39083.0
30:24.0,23.6138741,-19.423659100000002,6405.0,39083.0
45:38.0,23.6138997,-19.4237533,6405.0,39083.0
30:18.0,23.6137357,-19.4234659,6405.0,39083.0
45:12.0,23.6139533,-19.4228252,6405.0,39083.0
00:10.0,23.6142275,-19.4226629,6405.0,39083.0
45:18.0,23.614499,-19.4223378,6405.0,39083.0
00:31.0,23.6146621,-19.4222772,6405.0,39083.0
45:41.0,23.614553,-19.4224319,6405.0,39083.0
45:15.0,23.614201899999998,-19.4224495,6405.0,39083.0
15:12.0,23.612297199999997,-19.422323499999997,6405.0,39083.0
30:08.0,23.612646100000003,-19.422183,6405.0,39083.0
00:19.0,23.6132179,-19.4227437,6405.0,39083.0
15:13.0,23.6132299,-19.422730899999998,6405.0,39083.0
15:11.0,23.6111188,-19.4256982,6405.0,39083.0
30:21.0,23.610817,-19.4285948,6405.0,39083.0
45:05.0,23.6070022,-19.4273258,6405.0,39083.0
15:05.0,23.6016953,-19.4268245,6405.0,39083.0
15:38.0,23.5999362,-19.4266698,6405.0,39083.0
45:29.0,23.593512699999998,-19.4270278,6405.0,39083.0
15:29.0,23.5953396,-19.431680899999996,6405.0,39083.0
30:26.0,23.5959702,-19.432733600000002,6405.0,39083.0
15:42.0,23.5964258,-19.433300600000003,6405.0,39083.0
15:32.0,23.596296600000002,-19.4331546,6405.0,39083.0
30:40.0,23.5963353,-19.4331951,6405.0,39083.0
15:07.0,23.5965724,-19.4333505,6405.0,39083.0
30:25.0,23.5975873,-19.4345009,6405.0,39083.0
15:37.0,23.5994573,-19.4370623,6405.0,39083.0
30:39.0,23.599462699999997,-19.437089800000003,6405.0,39083.0
45:25.0,23.600261399999997,-19.4370813,6405.0,39083.0
15:28.0,23.6003465,-19.4371423,6405.0,39083.0
30:19.0,23.6052655,-19.4377732,6405.0,39083.0
00:05.0,23.605942499999998,-19.4384361,6405.0,39083.0
30:49.0,23.606973,-19.437615899999997,6405.0,39083.0
30:12.0,23.6153217,-19.4333958,6405.0,39083.0
15:04.0,23.6147303,-19.4319367,6405.0,39083.0
15:06.0,23.614878,-19.432517899999997,6405.0,39083.0
45:46.0,23.6147347,-19.4319354,6405.0,39083.0
30:20.0,23.614114899999997,-19.4315012,6405.0,39083.0
15:08.0,23.611089399999997,-19.4255757,6405.0,39083.0
15:41.0,23.6062133,-19.428172399999998,6405.0,39083.0
45:11.0,23.6070046,-19.4298719,6405.0,39083.0
15:15.0,23.601857,-19.4349684,6405.0,39083.0
15:36.0,23.6013324,-19.4357117,6405.0,39083.0
45:04.0,23.601096899999998,-19.435674600000002,6405.0,39083.0
15:33.0,23.601345499999997,-19.435564399999997,6405.0,39083.0
45:23.0,23.6009077,-19.435624,6405.0,39083.0
45:20.0,23.6006525,-19.4355701,6405.0,39083.0
15:20.0,23.6000076,-19.435892199999998,6405.0,39083.0
45:36.0,23.598927399999997,-19.4367206,6405.0,39083.0
45:08.0,23.5957668,-19.4327092,6405.0,39083.0
15:24.0,23.5939924,-19.431784,6405.0,39083.0
45:27.0,23.594865,-19.430376100000004,6405.0,39083.0
45:39.0,23.6000798,-19.4258073,6405.0,39083.0
45:19.0,23.604879699999998,-19.4224999,6405.0,39083.0
30:22.0,23.6048583,-19.422569,6405.0,39083.0
15:17.0,23.604897,-19.4225414,6405.0,39083.0
15:30.0,23.6048524,-19.4226465,6405.0,39083.0
45:22.0,23.6047935,-19.4225478,6405.0,39083.0
15:09.0,23.6049194,-19.422824600000002,6405.0,39083.0
15:21.0,23.600596300000003,-19.4237296,6405.0,39083.0
30:17.0,23.594453,-19.424701100000004,6405.0,39083.0
45:06.0,23.5956891,-19.431348999999997,6405.0,39083.0
45:16.0,23.5947279,-19.4344577,6405.0,39083.0
45:24.0,23.5951077,-19.4351557,6405.0,39083.0
45:09.0,23.5952053,-19.4351331,6405.0,39083.0
30:32.0,23.5946421,-19.435357500000002,6405.0,39083.0
15:10.0,23.595146300000003,-19.4352147,6405.0,39083.0
45:10.0,23.6016565,-19.4337995,6405.0,39083.0
30:37.0,23.601761800000002,-19.433491399999998,6405.0,39083.0
30:14.0,23.6025654,-19.433495999999998,6405.0,39083.0
30:30.0,23.614672199999998,-19.429929,6405.0,39083.0
15:47.0,23.6071824,-19.4335327,6405.0,39083.0
00:35.0,23.6038563,-19.4369419,6405.0,39083.0
30:16.0,23.602864,-19.4376349,6405.0,39083.0
00:29.0,23.6027756,-19.4377474,6405.0,39083.0
30:41.0,23.602807300000002,-19.4376165,6405.0,39083.0
45:07.0,23.6010598,-19.438679699999998,6405.0,39083.0
30:23.0,23.600247699999997,-19.4375733,6405.0,39083.0
30:42.0,23.6009737,-19.4357152,6405.0,39083.0
15:26.0,23.6038076,-19.431635500000002,6405.0,39083.0
30:15.0,23.6156466,-19.427531899999998,6405.0,39083.0
45:21.0,23.615563199999997,-19.4274445,6405.0,39083.0
15:34.0,23.615660300000002,-19.427424600000002,6405.0,39083.0
45:48.0,23.6157049,-19.4276432,6405.0,39083.0
15:22.0,23.6156324,-19.4277371,6405.0,39083.0
45:28.0,23.5951927,-19.4353616,6405.0,39083.0
30:28.0,23.595866,-19.4355264,6405.0,39083.0
15:27.0,23.5968275,-19.435999399999996,6405.0,39083.0
45:34.0,23.599335600000003,-19.4348151,6405.0,39083.0
15:50.0,23.5991782,-19.4338231,6405.0,39083.0
45:31.0,23.6027913,-19.429297899999998,6405.0,39083.0
01:16.0,23.6036712,-19.4287671,6405.0,39083.0
30:04.0,23.601933199999998,-19.4354834,6405.0,39083.0
30:06.0,23.600825699999998,-19.4337782,6405.0,39083.0
01:17.0,23.5999766,-19.4355236,6405.0,39083.0
00:04.0,23.6043122,-19.4401947,6405.0,39083.0
30:34.0,23.615145499999997,-19.434786300000003,6405.0,39083.0
45:54.0,23.6092455,-19.4360537,6405.0,39083.0
15:35.0,23.602498699999998,-19.4373878,6405.0,39083.0
45:53.0,23.6102086,-19.424421300000002,6405.0,39083.0
45:35.0,23.6155617,-19.4250719,6405.0,39083.0
30:31.0,23.615806,-19.4253619,6405.0,39083.0
30:29.0,23.6110325,-19.4322177,6405.0,39083.0
45:47.0,23.601982,-19.4371699,6405.0,39083.0
00:39.0,23.599926699999997,-19.437205399999996,6405.0,39083.0
30:47.0,23.5975332,-19.434817000000002,6405.0,39083.0
31:00.0,23.611753600000004,-19.4233951,6405.0,39083.0
45:33.0,23.6190392,-19.4254562,6405.0,39083.0
00:06.0,23.6200678,-19.4255849,6405.0,39083.0
30:05.0,23.6202951,-19.4265418,6405.0,39083.0
45:37.0,23.5999142,-19.4279368,6405.0,39083.0
45:32.0,23.6118697,-19.4289307,6405.0,39083.0
00:46.0,23.611766,-19.4299123,6405.0,39083.0
15:39.0,23.6014585,-19.437625399999998,6405.0,39083.0
45:30.0,23.5356484,-19.3946481,6405.0,39083.0
15:48.0,23.544302899999998,-19.3950932,6405.0,39083.0
01:10.0,23.5764691,-19.404065399999997,6405.0,39083.0
00:59.0,23.5788383,-19.4192482,6405.0,39083.0
01:11.0,23.5395802,-19.392774199999998,6405.0,39083.0
00:32.0,23.5367313,-19.4033903,6405.0,39083.0
01:45.0,23.535637,-19.3919153,6405.0,39083.0
01:12.0,23.5994602,-19.4211825,6405.0,39083.0
00:38.0,23.5981245,-19.4219753,6405.0,39083.0
01:31.0,23.579331600000003,-19.415964199999998,6405.0,39083.0
00:55.0,23.5792464,-19.4158619,6405.0,39083.0
00:52.0,23.570994,-19.416783600000002,6405.0,39083.0
00:37.0,23.5474592,-19.3936684,6405.0,39083.0
01:55.0,23.5713811,-19.4064236,6405.0,39083.0
01:06.0,23.575415399999997,-19.404657399999998,6405.0,39083.0
00:51.0,23.572852899999997,-19.4155553,6405.0,39083.0
02:56.0,23.5379618,-19.3940935,6405.0,39083.0
01:04.0,23.605219100000003,-19.4381203,6405.0,39083.0
01:07.0,23.6034355,-19.4299692,6405.0,39083.0
00:57.0,23.594482199999998,-19.430763100000004,6405.0,39083.0
01:47.0,23.5730245,-19.4064188,6405.0,39083.0
01:00.0,23.592927800000002,-19.431656699999998,6405.0,39083.0
01:03.0,23.5935931,-19.4257514,6405.0,39083.0
01:42.0,23.595535899999998,-19.4237289,6405.0,39083.0
00:03.0,23.5965247,-19.4348826,6405.0,39083.0
01:24.0,23.5912169,-19.4279017,6405.0,39083.0
02:17.0,23.6619957,-19.4750862,6405.0,39083.0
01:41.0,25.0605917,-20.4648228,6405.0,39445.0
02:18.0,24.943637300000002,-20.371140899999997,6405.0,39444.0
01:32.0,25.0822676,-20.476407100000003,6405.0,39445.0
00:02.0,25.1393973,-20.525927199999998,6405.0,39445.0
01:02.0,25.0838051,-20.510457000000002,6405.0,39445.0
01:09.0,25.083649800000003,-20.5100678,6405.0,39445.0
02:49.0,24.982659299999998,-20.5991921,6405.0,39445.0
01:25.0,25.115969800000002,-20.5939218,6405.0,39445.0
02:24.0,25.013704399999998,-20.6763851,6405.0,39445.0
01:50.0,25.001002300000003,-20.6846239,6405.0,39444.0
01:08.0,24.900489899999997,-20.699185800000002,6405.0,39444.0
01:44.0,24.8774759,-20.7326616,6405.0,39444.0
01:29.0,24.9853241,-20.694906699999997,6405.0,39445.0
01:19.0,24.9890206,-20.696462300000004,6405.0,39445.0
01:34.0,24.986078,-20.7079486,6405.0,39444.0
01:14.0,25.2089113,-20.4591919,6405.0,39445.0
01:46.0,25.145901100000003,-20.4113234,6405.0,39445.0
02:38.0,25.0455702,-20.5643321,6405.0,39445.0
00:58.0,24.7382228,-20.671996,6405.0,39444.0
01:17.0,23.609911800000003,-19.421560600000003,6407.0,39083.0
00:38.0,23.6111205,-19.425261499999998,6407.0,39083.0
00:48.0,23.608185,-19.4247461,6407.0,39083.0
00:23.0,23.6082259,-19.4246369,6407.0,39083.0
00:13.0,23.608039,-19.4242478,6407.0,39083.0
00:40.0,23.607937600000003,-19.4245502,6407.0,39083.0
00:08.0,23.602596,-19.4266984,6407.0,39083.0
00:10.0,23.5991915,-19.4299551,6407.0,39083.0
00:16.0,23.5990907,-19.4325914,6407.0,39083.0
00:26.0,23.5989926,-19.4323952,6407.0,39083.0
00:27.0,23.599622600000004,-19.432692499999998,6407.0,39083.0
00:24.0,23.5991226,-19.4338078,6407.0,39083.0
00:25.0,23.5986354,-19.4330552,6407.0,39083.0
00:35.0,23.6017707,-19.429418899999998,6407.0,39083.0
00:44.0,23.6027677,-19.4296275,6407.0,39083.0
00:15.0,23.603659,-19.4294129,6407.0,39083.0
00:21.0,23.606371499999998,-19.4273334,6407.0,39083.0
00:18.0,23.612591100000003,-19.422112600000002,6407.0,39083.0
00:42.0,23.614215899999998,-19.423979,6407.0,39083.0
00:41.0,23.6173875,-19.4248169,6407.0,39083.0
00:14.0,23.6112959,-19.4458396,6407.0,39083.0
00:49.0,23.6112431,-19.4456621,6407.0,39083.0
00:12.0,23.6088613,-19.4481102,6407.0,39083.0
00:52.0,23.6091077,-19.4481156,6407.0,39083.0
01:08.0,23.5660892,-19.461062300000002,6407.0,39083.0
00:47.0,23.530694699999998,-19.471739000000003,6407.0,39083.0
00:17.0,23.5450048,-19.4687147,6407.0,39083.0
00:11.0,23.554636399999996,-19.469538699999998,6407.0,39083.0
00:19.0,23.5566135,-19.467453,6407.0,39083.0
00:50.0,23.557228100000003,-19.4662657,6407.0,39083.0
00:07.0,23.5576242,-19.4641983,6407.0,39083.0
00:53.0,23.561249399999998,-19.460915600000003,6407.0,39083.0
01:21.0,23.5638999,-19.4539565,6407.0,39083.0
00:20.0,23.564104999999998,-19.4538864,6407.0,39083.0
00:22.0,23.5640641,-19.4650648,6407.0,39083.0
00:31.0,23.566809399999997,-19.465258600000002,6407.0,39083.0
00:09.0,23.5567519,-19.4711474,6407.0,39083.0
01:18.0,23.523290399999997,-19.4824553,6407.0,39083.0
01:12.0,23.5399375,-19.481687100000002,6407.0,39083.0
00:37.0,23.5706765,-19.4656141,6407.0,39083.0
15:04.0,23.5737437,-19.464669600000004,6407.0,39083.0
30:41.0,23.573684399999998,-19.4646162,6407.0,39083.0
45:15.0,23.570940300000004,-19.4639033,6407.0,39083.0
15:15.0,23.5708323,-19.464023100000002,6407.0,39083.0
30:10.0,23.5709599,-19.4640252,6407.0,39083.0
15:14.0,23.571221100000002,-19.4640443,6407.0,39083.0
45:16.0,23.571325199999997,-19.4641957,6407.0,39083.0
15:39.0,23.568602600000002,-19.461180600000002,6407.0,39083.0
30:13.0,23.5673252,-19.460845300000003,6407.0,39083.0
45:24.0,23.56731,-19.4608768,6407.0,39083.0
30:11.0,23.567930399999998,-19.460949399999997,6407.0,39083.0
15:08.0,23.5688575,-19.4604451,6407.0,39083.0
30:18.0,23.569387,-19.4601678,6407.0,39083.0
45:32.0,23.5706961,-19.4590179,6407.0,39083.0
15:18.0,23.5710831,-19.4592117,6407.0,39083.0
30:48.0,23.571710999999997,-19.4581228,6407.0,39083.0
45:28.0,23.5721049,-19.457959699999996,6407.0,39083.0
45:20.0,23.574305399999997,-19.4583686,6407.0,39083.0
15:09.0,23.5759873,-19.458835699999998,6407.0,39083.0
30:19.0,23.5765385,-19.4587009,6407.0,39083.0
45:25.0,23.5784824,-19.4585428,6407.0,39083.0
15:23.0,23.5800046,-19.4574348,6407.0,39083.0
15:16.0,23.580478,-19.4571279,6407.0,39083.0
30:12.0,23.580477,-19.4570991,6407.0,39083.0
45:13.0,23.5805587,-19.4569674,6407.0,39083.0
30:09.0,23.58326,-19.456606,6407.0,39083.0
45:30.0,23.5833058,-19.4565525,6407.0,39083.0
00:54.0,23.583845,-19.4565583,6407.0,39083.0
30:08.0,23.5932725,-19.4508213,6407.0,39083.0
45:12.0,23.5984272,-19.447036100000002,6407.0,39083.0
15:05.0,23.604566199999997,-19.4400523,6407.0,39083.0
30:14.0,23.6054109,-19.427844600000004,6407.0,39083.0
45:14.0,23.601814899999997,-19.4291533,6407.0,39083.0
45:06.0,23.5958195,-19.430822600000003,6407.0,39083.0
45:08.0,23.5961871,-19.4327712,6407.0,39083.0
15:17.0,23.5967327,-19.432934,6407.0,39083.0
45:23.0,23.5968074,-19.4328863,6407.0,39083.0
15:26.0,23.597913000000002,-19.4331003,6407.0,39083.0
30:20.0,23.597976199999998,-19.433412,6407.0,39083.0
45:21.0,23.5979418,-19.433618600000003,6407.0,39083.0
15:10.0,23.5987268,-19.4339829,6407.0,39083.0
45:17.0,23.5987142,-19.4339984,6407.0,39083.0
15:31.0,23.598699,-19.4339789,6407.0,39083.0
30:16.0,23.598772,-19.434112300000002,6407.0,39083.0
45:31.0,23.5990462,-19.4343092,6407.0,39083.0
15:41.0,23.5993835,-19.435219399999998,6407.0,39083.0
45:09.0,23.599517600000002,-19.435344399999998,6407.0,39083.0
45:10.0,23.599567699999998,-19.435384699999997,6407.0,39083.0
15:20.0,23.6006875,-19.435351,6407.0,39083.0
30:40.0,23.600714800000002,-19.435332100000004,6407.0,39083.0
15:12.0,23.6047974,-19.4365134,6407.0,39083.0
00:33.0,23.6060145,-19.4382512,6407.0,39083.0
15:47.0,23.6062413,-19.438049600000003,6407.0,39083.0
15:27.0,23.6076771,-19.439754699999998,6407.0,39083.0
30:38.0,23.607706,-19.440026,6407.0,39083.0
31:23.0,23.6069405,-19.440073100000003,6407.0,39083.0
15:38.0,23.6069526,-19.4399567,6407.0,39083.0
30:42.0,23.6067907,-19.440093,6407.0,39083.0
45:42.0,23.606844600000002,-19.4400253,6407.0,39083.0
15:06.0,23.606862600000003,-19.4399848,6407.0,39083.0
15:07.0,23.6067475,-19.4399431,6407.0,39083.0
45:41.0,23.599324499999998,-19.4359483,6407.0,39083.0
45:07.0,23.6004766,-19.434962,6407.0,39083.0
45:19.0,23.600945199999998,-19.433470899999996,6407.0,39083.0
30:28.0,23.6013726,-19.433208800000003,6407.0,39083.0
15:13.0,23.600862799999998,-19.4334193,6407.0,39083.0
45:18.0,23.597941100000003,-19.4321633,6407.0,39083.0
00:43.0,23.5978658,-19.432095699999998,6407.0,39083.0
30:27.0,23.607995199999998,-19.4215921,6407.0,39083.0
45:11.0,23.6061938,-19.4234413,6407.0,39083.0
30:23.0,23.6042472,-19.4226971,6407.0,39083.0
15:11.0,23.6042712,-19.422715399999998,6407.0,39083.0
00:04.0,23.594357100000003,-19.4344741,6407.0,39083.0
30:29.0,23.593677300000003,-19.4343155,6407.0,39083.0
15:22.0,23.593568899999998,-19.4341469,6407.0,39083.0
30:36.0,23.5935962,-19.434128100000002,6407.0,39083.0
45:26.0,23.5992572,-19.4366516,6407.0,39083.0
15:24.0,23.601972500000002,-19.4320646,6407.0,39083.0
15:48.0,23.610703100000002,-19.4235766,6407.0,39083.0
30:24.0,23.616619399999998,-19.4241391,6407.0,39083.0
45:48.0,23.6164472,-19.4237566,6407.0,39083.0
30:47.0,23.616777,-19.4239516,6407.0,39083.0
30:15.0,23.619025,-19.425447,6407.0,39083.0
00:39.0,23.618823199999998,-19.426746100000003,6407.0,39083.0
15:29.0,23.6194272,-19.427403299999998,6407.0,39083.0
15:33.0,23.619286,-19.427336899999997,6407.0,39083.0
00:29.0,23.6189137,-19.4275756,6407.0,39083.0
00:02.0,23.611043300000002,-19.432980999999998,6407.0,39083.0
30:22.0,23.6093354,-19.4329182,6407.0,39083.0
00:55.0,23.602908300000003,-19.436506299999998,6407.0,39083.0
30:21.0,23.599808300000003,-19.4371483,6407.0,39083.0
00:32.0,23.6001826,-19.4358485,6407.0,39083.0
45:37.0,23.599463500000002,-19.435839399999995,6407.0,39083.0
00:05.0,23.5995513,-19.435841699999997,6407.0,39083.0
30:06.0,23.602746,-19.4354075,6407.0,39083.0
30:54.0,23.6147264,-19.4218936,6407.0,39083.0
00:06.0,23.6149488,-19.4216762,6407.0,39083.0
15:42.0,23.612100299999998,-19.4231488,6407.0,39083.0
30:17.0,23.603276899999997,-19.429496399999998,6407.0,39083.0
00:28.0,23.6008142,-19.4277893,6407.0,39083.0
45:36.0,23.6007057,-19.427860600000002,6407.0,39083.0
15:34.0,23.5992875,-19.429250500000002,6407.0,39083.0
30:25.0,23.599346899999997,-19.429568,6407.0,39083.0
30:35.0,23.6130685,-19.422675899999998,6407.0,39083.0
30:07.0,23.6132549,-19.422795,6407.0,39083.0
30:30.0,23.613320899999998,-19.4227046,6407.0,39083.0
30:26.0,23.6096112,-19.4237081,6407.0,39083.0
30:32.0,23.599714399999996,-19.4321995,6407.0,39083.0
45:02.0,23.597382,-19.4306487,6407.0,39083.0
15:32.0,23.598783800000003,-19.43492,6407.0,39083.0
45:40.0,23.5988214,-19.4349928,6407.0,39083.0
17:47.0,23.6100776,-19.4214951,6407.0,39083.0
15:19.0,23.599498899999997,-19.4302515,6407.0,39083.0
00:51.0,23.6141238,-19.423516600000003,6407.0,39083.0
15:02.0,23.6171984,-19.422930800000003,6407.0,39083.0
45:46.0,23.6200566,-19.4222962,6407.0,39083.0
45:27.0,23.6118841,-19.431763500000002,6407.0,39083.0
15:21.0,23.6115265,-19.4316156,6407.0,39083.0
15:37.0,23.601378,-19.4367781,6407.0,39083.0
16:20.0,23.6011688,-19.435840399999996,6407.0,39083.0
45:05.0,23.601214600000002,-19.4357954,6407.0,39083.0
45:47.0,23.6146176,-19.4245966,6407.0,39083.0
30:37.0,23.618524700000002,-19.4238253,6407.0,39083.0
45:44.0,23.6184625,-19.4236943,6407.0,39083.0
01:03.0,23.599519600000004,-19.4391723,6407.0,39083.0
15:36.0,23.5989897,-19.438991,6407.0,39083.0
15:40.0,23.6136763,-19.4230292,6407.0,39083.0
45:39.0,23.6003663,-19.4299492,6407.0,39083.0
15:30.0,23.602157000000002,-19.430520899999998,6407.0,39083.0
30:53.0,23.603001000000003,-19.4299846,6407.0,39083.0
30:05.0,23.609486899999997,-19.4235496,6407.0,39083.0
30:31.0,23.6219155,-19.4579081,6407.0,39083.0
45:22.0,23.5994301,-19.4243674,6407.0,39083.0
01:09.0,23.6122454,-19.4223706,6407.0,39083.0
01:20.0,23.6105549,-19.4229811,6407.0,39083.0
30:45.0,23.6059842,-19.4251437,6407.0,39083.0
45:33.0,23.5994871,-19.4321823,6407.0,39083.0
01:11.0,23.593248199999998,-19.422516,6407.0,39083.0
01:41.0,23.5552187,-19.4155125,6407.0,39083.0
01:02.0,23.5305742,-19.3965984,6407.0,39083.0
00:30.0,23.533825600000004,-19.3969705,6407.0,39083.0
00:36.0,23.5339383,-19.4146991,6407.0,39083.0
00:56.0,23.532951999999998,-19.395802300000003,6407.0,39083.0
01:04.0,23.534151100000003,-19.3947477,6407.0,39083.0
00:45.0,23.599666100000004,-19.4249128,6407.0,39083.0
00:46.0,23.5923478,-19.4311626,6407.0,39083.0
01:23.0,23.5976629,-19.429431100000002,6407.0,39083.0
02:15.0,23.526227300000002,-19.400001899999996,6407.0,39083.0
02:14.0,23.5462459,-19.417351800000002,6407.0,39083.0
01:14.0,23.5798707,-19.4262708,6407.0,39083.0
00:34.0,23.5936079,-19.432777899999998,6407.0,39083.0
30:34.0,23.574403699999998,-19.4224843,6407.0,39083.0
15:25.0,23.5749331,-19.4107745,6407.0,39083.0
45:34.0,23.5613948,-19.4105276,6407.0,39083.0
45:03.0,23.5736968,-19.4058466,6407.0,39083.0
30:04.0,23.601982800000002,-19.4353645,6407.0,39083.0
45:38.0,23.591882899999998,-19.4309415,6407.0,39083.0
15:53.0,23.601910500000002,-19.4407662,6407.0,39083.0
15:03.0,23.592860899999998,-19.433559699999996,6407.0,39083.0
45:35.0,23.6028135,-19.440242,6407.0,39083.0
45:04.0,23.5670363,-19.4151042,6407.0,39083.0
01:13.0,23.6106118,-19.4210178,6407.0,39083.0
45:29.0,23.5911771,-19.4301364,6407.0,39083.0
01:24.0,23.550523000000002,-19.3945609,6407.0,39083.0
01:42.0,23.602493600000003,-19.425701500000002,6407.0,39083.0
01:16.0,23.5406059,-19.403776399999998,6407.0,39083.0
02:11.0,23.5527192,-19.4063366,6407.0,39083.0
15:28.0,23.6022588,-19.4442469,6407.0,39083.0
30:43.0,23.6033928,-19.445314,6407.0,39083.0
15:44.0,23.5922329,-19.430743300000003,6407.0,39083.0
45:43.0,23.592011,-19.4383626,6407.0,39083.0
16:09.0,23.5747513,-19.416026000000002,6407.0,39083.0
16:03.0,23.6373508,-19.4453948,6407.0,39083.0
46:13.0,23.6476634,-19.445573800000002,6407.0,39083.0
30:52.0,23.8394478,-19.5591764,6407.0,39083.0
45:53.0,23.8462262,-19.5611592,6407.0,39083.0
30:59.0,23.8570033,-19.574964,6407.0,39083.0
45:55.0,23.9183148,-19.628357,6407.0,39083.0
15:43.0,24.2310671,-19.9759818,6407.0,39084.0
00:03.0,24.5685552,-20.3620703,6407.0,39444.0
45:54.0,24.8099549,-20.4309061,6407.0,39444.0
02:01.0,25.065011399999996,-20.5689505,6407.0,39445.0
00:57.0,25.059593399999997,-20.541580800000002,6407.0,39445.0
01:49.0,25.076087100000002,-20.524477899999997,6407.0,39445.0
01:06.0,25.0639582,-20.462951899999997,6407.0,39445.0
02:07.0,25.0595522,-20.4596838,6407.0,39445.0
30:33.0,24.9599626,-20.4113343,6407.0,39444.0
01:01.0,24.960176699999998,-20.4052583,6407.0,39444.0
01:47.0,24.9683319,-20.547941199999997,6407.0,39444.0
00:59.0,25.032258600000002,-20.6307666,6407.0,39445.0
01:53.0,25.1713098,-20.490340600000003,6407.0,39445.0
01:37.0,25.1571438,-20.4847625,6407.0,39445.0
01:54.0,25.1180703,-20.5664074,6407.0,39445.0
01:00.0,24.883926100000004,-20.6472576,6407.0,39444.0
01:15.0,25.052503899999998,-20.552062799999998,6407.0,39445.0
01:07.0,24.834396899999998,-20.740477,6407.0,39444.0
01:58.0,24.9001842,-20.629173100000003,6407.0,39444.0
01:19.0,24.9338373,-20.6545075,6407.0,39444.0
03:04.0,24.919064000000002,-20.7005033,6407.0,39444.0
02:42.0,25.036321899999997,-20.685139000000003,6407.0,39445.0
00:58.0,25.063806200000002,-20.581847399999997,6407.0,39445.0
01:25.0,25.1288017,-20.48048,6407.0,39445.0
01:10.0,25.1473065,-20.4771081,6407.0,39445.0
01:44.0,25.139820699999998,-20.4272055,6407.0,39445.0
01:46.0,25.142084399999998,-20.4229022,6407.0,39445.0
02:17.0,25.134765100000003,-20.432617,6407.0,39445.0
01:27.0,25.1566453,-20.481727199999998,6407.0,39445.0
01:55.0,25.103517999999998,-20.5302719,6407.0,39445.0
02:03.0,25.1780075,-20.4897777,6407.0,39445.0
01:56.0,25.1954336,-20.4765371,6407.0,39445.0
03:03.0,25.1617001,-20.4932565,6407.0,39445.0
01:29.0,25.0907103,-20.5985332,6407.0,39445.0
03:02.0,24.887275600000002,-20.6955116,6407.0,39444.0
02:41.0,24.9404358,-20.6317601,6407.0,39444.0
02:05.0,24.856703500000002,-20.6175711,6407.0,39444.0
01:28.0,25.106662399999998,-20.5084609,6407.0,39445.0
02:12.0,25.176929100000002,-20.4080037,6407.0,39445.0
01:48.0,25.026587399999997,-20.3124473,6407.0,39445.0
02:28.0,24.984303399999998,-20.392774600000003,6407.0,39445.0
01:40.0,24.870742800000002,-20.656385500000003,6407.0,39444.0
01:50.0,24.781191699999997,-20.598367899999996,6407.0,39444.0
01:26.0,24.433462699999996,-20.1864967,6407.0,39444.0
01:39.0,24.425099600000003,-20.191976699999998,6407.0,39444.0
02:23.0,24.4252358,-20.1921063,6407.0,39444.0
01:48.0,23.6218876,-19.3277527,6399.0,39083.0
00:22.0,23.625640100000002,-19.288402899999998,6399.0,39083.0
00:42.0,23.616765100000002,-19.259716100000002,6399.0,39083.0
00:47.0,23.6021942,-19.218730800000003,6399.0,39083.0
00:49.0,23.5945689,-19.207541,6399.0,39083.0
00:41.0,23.598449300000002,-19.2260735,6399.0,39083.0
00:36.0,23.6017987,-19.2438689,6399.0,39083.0
00:56.0,23.613275199999997,-19.2279326,6399.0,39083.0
00:48.0,23.6179677,-19.2329277,6399.0,39083.0
00:05.0,23.6180293,-19.232976100000002,6399.0,39083.0
00:16.0,23.6183777,-19.233629399999998,6399.0,39083.0
00:17.0,23.6184392,-19.2337895,6399.0,39083.0
00:43.0,23.617569600000003,-19.234051,6399.0,39083.0
00:14.0,23.617725399999998,-19.2339672,6399.0,39083.0
01:19.0,23.6210852,-19.2178264,6399.0,39083.0
00:20.0,23.6223713,-19.2278092,6399.0,39083.0
00:13.0,23.5842199,-19.217807699999998,6399.0,39083.0
00:26.0,23.5888141,-19.2242662,6399.0,39083.0
00:15.0,23.5922315,-19.2270593,6399.0,39083.0
00:21.0,23.6008211,-19.2382167,6399.0,39083.0
00:44.0,23.6009943,-19.2379522,6399.0,39083.0
00:19.0,23.5926679,-19.246071399999998,6399.0,39083.0
00:23.0,23.5655951,-19.269352800000004,6399.0,39083.0
00:35.0,23.565685000000002,-19.2694184,6399.0,39083.0
00:54.0,23.5628767,-19.275203899999998,6399.0,39083.0
01:10.0,23.5612432,-19.278633499999998,6399.0,39083.0
00:53.0,23.5554601,-19.2864018,6399.0,39083.0
02:54.0,23.555245000000003,-19.2864485,6399.0,39083.0
00:18.0,23.548444600000003,-19.2962107,6399.0,39083.0
00:25.0,23.5443688,-19.3100245,6399.0,39083.0
01:11.0,23.5461281,-19.3069344,6399.0,39083.0
00:33.0,23.5111905,-19.2613919,6399.0,39083.0
00:24.0,23.4576613,-19.2904457,6399.0,39083.0
00:07.0,23.4535656,-19.2920495,6399.0,39083.0
00:08.0,23.453283300000002,-19.2951709,6399.0,39083.0
00:04.0,23.4509937,-19.294212899999998,6399.0,39083.0
00:37.0,23.4453588,-19.3281687,6399.0,39083.0
00:06.0,23.443622100000002,-19.335929800000002,6399.0,39083.0
00:31.0,23.4200914,-19.3441984,6399.0,39083.0
00:50.0,23.4484565,-19.359240300000003,6399.0,39083.0
00:10.0,23.4513302,-19.3716669,6399.0,39083.0
00:30.0,23.4451619,-19.375809399999998,6399.0,39083.0
01:17.0,23.446998899999997,-19.377985600000002,6399.0,39083.0
00:12.0,23.4854201,-19.381662300000002,6399.0,39083.0
00:27.0,23.4857296,-19.359884100000002,6399.0,39083.0
00:40.0,23.4951164,-19.3605198,6399.0,39083.0
00:29.0,23.4981482,-19.3743006,6399.0,39083.0
00:55.0,23.5077263,-19.3784655,6399.0,39083.0
00:09.0,23.548212399999997,-19.370782199999997,6399.0,39083.0
00:11.0,23.691381600000003,-19.4473725,6399.0,39083.0
15:24.0,23.6851973,-19.4590843,6399.0,39083.0
30:11.0,23.6851826,-19.459113199999997,6399.0,39083.0
45:14.0,23.685298100000004,-19.459015899999997,6399.0,39083.0
15:14.0,23.6851994,-19.459173,6399.0,39083.0
45:15.0,23.6856133,-19.458882,6399.0,39083.0
15:15.0,23.6861772,-19.4594056,6399.0,39083.0
45:16.0,23.685632899999998,-19.4608248,6399.0,39083.0
15:20.0,23.6903328,-19.4658627,6399.0,39083.0
31:05.0,23.697211199999998,-19.470655700000002,6399.0,39083.0
45:48.0,23.7019313,-19.4744782,6399.0,39083.0
15:47.0,23.705275600000004,-19.4777105,6399.0,39083.0
30:41.0,23.7081923,-19.4805733,6399.0,39083.0
45:25.0,23.7107475,-19.4836432,6399.0,39083.0
00:52.0,23.7119402,-19.485709,6399.0,39083.0
15:25.0,23.7127172,-19.486518399999998,6399.0,39083.0
30:23.0,23.7131133,-19.4872131,6399.0,39083.0
45:42.0,23.714072899999998,-19.4881771,6399.0,39083.0
30:12.0,23.7132268,-19.490123800000003,6399.0,39083.0
45:09.0,23.7133619,-19.490068899999997,6399.0,39083.0
30:09.0,23.7135648,-19.4900376,6399.0,39083.0
15:12.0,23.713510100000004,-19.490022800000002,6399.0,39083.0
30:24.0,23.7130616,-19.4906012,6399.0,39083.0
45:53.0,23.7140195,-19.4922557,6399.0,39083.0
15:27.0,23.7148215,-19.494019,6399.0,39083.0
30:18.0,23.7148236,-19.49398,6399.0,39083.0
45:32.0,23.7149295,-19.4938083,6399.0,39083.0
15:17.0,23.7150451,-19.4939906,6399.0,39083.0
30:13.0,23.7147698,-19.494074800000003,6399.0,39083.0
45:22.0,23.7146112,-19.4940122,6399.0,39083.0
15:23.0,23.715634100000003,-19.4949742,6399.0,39083.0
45:36.0,23.7155439,-19.494915600000002,6399.0,39083.0
15:42.0,23.7186855,-19.4962799,6399.0,39083.0
45:03.0,23.721598800000002,-19.4976936,6399.0,39083.0
15:36.0,23.7271744,-19.4989016,6399.0,39083.0
45:10.0,23.738174100000002,-19.500150199999997,6399.0,39083.0
15:26.0,23.7489951,-19.5024326,6399.0,39083.0
15:48.0,23.7744758,-19.5015474,6399.0,39083.0
30:08.0,23.8096818,-19.5020741,6399.0,39083.0
45:12.0,23.8348087,-19.5036962,6399.0,39083.0
15:37.0,23.838148699999998,-19.5053783,6399.0,39083.0
30:10.0,23.841720499999997,-19.508212399999998,6399.0,39083.0
45:19.0,23.845632600000002,-19.509443700000002,6399.0,39083.0
15:07.0,23.847683399999998,-19.5088503,6399.0,39083.0
30:19.0,23.8529373,-19.5143118,6399.0,39083.0
00:39.0,23.8515457,-19.5126734,6399.0,39083.0
15:08.0,23.849641899999998,-19.5144163,6399.0,39083.0
15:09.0,23.8480347,-19.514316,6399.0,39083.0
45:07.0,23.848253200000002,-19.5126427,6399.0,39083.0
15:06.0,23.8523418,-19.517588800000002,6399.0,39083.0
30:16.0,23.8529516,-19.5188498,6399.0,39083.0
45:29.0,23.8530516,-19.5188406,6399.0,39083.0
15:16.0,23.8525812,-19.518496600000002,6399.0,39083.0
30:39.0,23.8515638,-19.5182967,6399.0,39083.0
45:21.0,23.8500185,-19.5179853,6399.0,39083.0
15:19.0,23.8469483,-19.5168885,6399.0,39083.0
30:21.0,23.8466236,-19.5136823,6399.0,39083.0
15:10.0,23.8465087,-19.5138565,6399.0,39083.0
45:17.0,23.8461404,-19.511598499999998,6399.0,39083.0
30:37.0,23.8460389,-19.5121038,6399.0,39083.0
45:06.0,23.8458079,-19.5117906,6399.0,39083.0
15:28.0,23.8453987,-19.5088316,6399.0,39083.0
30:20.0,23.847330499999998,-19.5089543,6399.0,39083.0
45:23.0,23.847263199999997,-19.5090245,6399.0,39083.0
45:11.0,23.8476661,-19.510288600000003,6399.0,39083.0
00:46.0,23.8491628,-19.512075699999997,6399.0,39083.0
30:35.0,23.849413100000003,-19.5121473,6399.0,39083.0
45:39.0,23.849361,-19.512099399999997,6399.0,39083.0
30:22.0,23.849473,-19.5125201,6399.0,39083.0
30:14.0,23.8496684,-19.512653399999998,6399.0,39083.0
45:24.0,23.8524683,-19.5182998,6399.0,39083.0
15:13.0,23.8530173,-19.5192076,6399.0,39083.0
01:08.0,23.9009271,-19.590469100000004,6399.0,39083.0
15:11.0,23.914775199999998,-19.6123472,6399.0,39083.0
30:17.0,23.909092,-19.6193728,6399.0,39083.0
30:05.0,23.9532654,-19.6774746,6399.0,39083.0
45:40.0,23.960639800000003,-19.680151600000002,6399.0,39083.0
31:10.0,23.9747941,-19.6883527,6399.0,39083.0
30:31.0,23.995070300000002,-19.6966398,6399.0,39084.0
30:15.0,23.9954568,-19.697055,6399.0,39084.0
15:34.0,23.995447,-19.6969395,6399.0,39084.0
30:25.0,24.0041076,-19.6982495,6399.0,39084.0
45:46.0,24.004103699999998,-19.698246700000002,6399.0,39084.0
00:28.0,24.0039576,-19.6982757,6399.0,39084.0
45:33.0,24.0043479,-19.698710199999997,6399.0,39084.0
45:08.0,24.0042327,-19.69888,6399.0,39084.0
01:01.0,24.0044999,-19.698985500000003,6399.0,39084.0
30:42.0,24.0045591,-19.6992205,6399.0,39084.0
45:54.0,24.0048292,-19.6993947,6399.0,39084.0
15:40.0,24.0049241,-19.6994729,6399.0,39084.0
15:55.0,24.008708600000002,-19.700712799999998,6399.0,39084.0
30:47.0,24.028397100000003,-19.7125439,6399.0,39084.0
45:13.0,24.032876100000003,-19.7176163,6399.0,39084.0
45:18.0,24.032346399999998,-19.7176863,6399.0,39084.0
45:20.0,24.045946899999997,-19.7239787,6399.0,39084.0
46:10.0,24.0561514,-19.729194600000003,6399.0,39084.0
15:31.0,24.0675502,-19.7437266,6399.0,39084.0
30:33.0,24.066039800000002,-19.7430769,6399.0,39084.0
45:28.0,24.062273899999997,-19.746154999999998,6399.0,39084.0
15:21.0,24.0503018,-19.745144399999997,6399.0,39084.0
15:32.0,24.053586199999998,-19.7499734,6399.0,39084.0
30:04.0,24.040216600000004,-19.752190399999996,6399.0,39084.0
00:32.0,24.039172699999998,-19.7545487,6399.0,39084.0
15:29.0,24.073195499999997,-19.7822899,6399.0,39084.0
30:40.0,24.095374600000003,-19.7915192,6399.0,39084.0
01:41.0,24.1972373,-19.837025600000004,6399.0,39084.0
45:41.0,24.199397,-19.9331589,6399.0,39444.0
45:31.0,24.198414800000002,-19.9916376,6399.0,39444.0
15:18.0,24.1987415,-20.050880399999997,6399.0,39444.0
15:41.0,24.1996051,-20.165952899999997,6399.0,39444.0
15:52.0,24.2675945,-20.1865907,6399.0,39444.0
30:06.0,24.2700684,-20.1945215,6399.0,39444.0
31:08.0,24.281928100000002,-20.251555,6399.0,39444.0
46:04.0,24.2865494,-20.2599204,6399.0,39444.0
30:34.0,24.3178798,-20.2738413,6399.0,39444.0
30:50.0,24.303294100000002,-20.257910100000004,6399.0,39444.0
30:07.0,24.3019057,-20.2548046,6399.0,39444.0
30:29.0,24.302352499999998,-20.254666500000003,6399.0,39444.0
16:42.0,24.3022352,-20.2547566,6399.0,39444.0
45:30.0,24.302384,-20.2557361,6399.0,39444.0
15:53.0,24.30244,-20.2558453,6399.0,39444.0
45:52.0,24.301563,-20.2558463,6399.0,39444.0
15:35.0,24.285689399999995,-20.237838600000003,6399.0,39444.0
30:52.0,24.2849467,-20.2340571,6399.0,39444.0
15:51.0,24.2716444,-20.2161613,6399.0,39444.0
01:00.0,24.2716064,-20.216199,6399.0,39444.0
45:38.0,24.2809889,-20.207520000000002,6399.0,39444.0
30:28.0,24.2807615,-20.2069287,6399.0,39444.0
15:44.0,24.2809437,-20.2068664,6399.0,39444.0
30:26.0,24.3213801,-20.314695699999998,6399.0,39444.0
15:03.0,24.4233503,-20.327233,6399.0,39444.0
45:35.0,24.463849800000002,-20.3497941,6399.0,39444.0
15:38.0,24.5131875,-20.3931133,6399.0,39444.0
30:48.0,24.725152899999998,-20.562236499999997,6399.0,39444.0
15:22.0,24.753534600000002,-20.5616004,6399.0,39444.0
45:26.0,24.7906346,-20.5549253,6399.0,39444.0
15:05.0,24.845145499999997,-20.5391794,6399.0,39444.0
00:34.0,24.8697892,-20.5610188,6399.0,39444.0
45:05.0,24.887899700000002,-20.5644128,6399.0,39444.0
46:02.0,24.8899183,-20.5724595,6399.0,39444.0
15:39.0,24.9052009,-20.5697917,6399.0,39444.0
45:45.0,24.9056784,-20.5714449,6399.0,39444.0
46:48.0,24.9218834,-20.596551899999998,6399.0,39444.0
30:27.0,24.922257899999998,-20.5970098,6399.0,39444.0
01:24.0,24.9272489,-20.597417800000002,6399.0,39444.0
45:47.0,24.9425374,-20.6026585,6399.0,39444.0
30:54.0,24.9460724,-20.6033372,6399.0,39444.0
30:36.0,24.952833899999998,-20.599720899999998,6399.0,39444.0
15:54.0,24.953881699999997,-20.5977097,6399.0,39444.0
15:30.0,25.0024512,-20.6036168,6399.0,39445.0
45:27.0,25.0019436,-20.603587899999997,6399.0,39445.0
01:12.0,25.016934,-20.578578,6399.0,39445.0
01:09.0,25.042047,-20.5789872,6399.0,39445.0
00:45.0,25.0388951,-20.578092,6399.0,39445.0
01:23.0,25.027563,-20.570724300000002,6399.0,39445.0
01:15.0,25.0338889,-20.557831399999998,6399.0,39445.0
02:22.0,25.0276928,-20.5302494,6399.0,39445.0
01:18.0,25.0675996,-20.4454055,6399.0,39445.0
01:13.0,25.0223877,-20.4687779,6399.0,39444.0
00:38.0,25.016106100000002,-20.4624086,6399.0,39444.0
00:51.0,25.1130393,-20.5778782,6399.0,39445.0
01:28.0,25.111342899999997,-20.500675899999997,6399.0,39445.0
01:53.0,25.160465300000002,-20.4828004,6399.0,39445.0
00:03.0,25.159960899999998,-20.482366100000004,6399.0,39445.0
15:33.0,25.2124629,-20.510872,6399.0,39445.0
01:06.0,24.9320431,-20.3848274,6399.0,39444.0
00:59.0,24.9760038,-20.6059149,6399.0,39444.0
01:05.0,24.9673437,-20.570147199999997,6399.0,39444.0
01:47.0,24.9677449,-20.6182953,6399.0,39444.0
01:14.0,25.2059085,-20.4821497,6399.0,39445.0
01:22.0,25.0195017,-20.437388100000003,6399.0,39444.0
02:18.0,25.051086899999998,-20.6397891,6399.0,39444.0
01:42.0,24.9891753,-20.6456838,6399.0,39445.0
02:39.0,24.8551272,-20.646224,6399.0,39444.0
01:57.0,24.9354961,-20.5675332,6399.0,39444.0
01:39.0,25.0180662,-20.6665372,6399.0,39444.0
01:54.0,24.9059848,-20.7140601,6399.0,39444.0
01:20.0,24.973432199999998,-20.6549948,6399.0,39445.0
01:07.0,25.173552700000002,-20.4228138,6399.0,39445.0
02:56.0,25.065590300000004,-20.439198899999997,6399.0,39445.0
01:03.0,25.054409600000003,-20.470235199999998,6399.0,39445.0
02:09.0,25.052266699999997,-20.623286800000002,6399.0,39445.0
01:25.0,24.9223884,-20.567671,6399.0,39444.0
01:26.0,24.8985796,-20.6343836,6399.0,39444.0
01:49.0,24.904738000000002,-20.599753600000003,6399.0,39444.0
02:11.0,24.8929442,-20.6097048,6399.0,39444.0
01:51.0,24.913137,-20.5989828,6399.0,39444.0
01:02.0,24.8893853,-20.5660043,6399.0,39444.0
00:02.0,25.106566100000002,-20.380600199999996,6399.0,39445.0
02:24.0,25.0263788,-20.3732379,6399.0,39444.0
00:57.0,24.8767575,-20.3608522,6399.0,39444.0
01:30.0,24.4970699,-20.3384633,6399.0,39444.0
01:33.0,24.2679958,-20.226918100000002,6399.0,39444.0
